"DOI","tax_group","latitude","longitude","N","region","code","site","Fst_out","Fst_out_signif"
"eva.12741","Bivalve",47.7933,-64.9938,"40","NB","CRQ","Caraquet","NA","NA"
"eva.12741","Bivalve",47.9017,-64.5666,"39","NB","MIS","Miscou","NA","NA"
"eva.12741","Bivalve",47.7599,-64.7544,"30","NB","SSI","Saint-Simon","NA","NA"
"eva.12741","Bivalve",47.6781,-64.827,"38","NB","INK","Inkerman","NA","NA"
"eva.12741","Bivalve",47.3342,-64.9965,"40","NB","TAB","Tabusintac","NA","NA"
"eva.12741","Bivalve",47.0963,-65.1467,"37","NB","MIR","Miramichi","NA","NA"
"eva.12741","Bivalve",46.6611,-64.8646,"39","NB","RIC","Richibucto","NA","NA"
"eva.12741","Bivalve",46.4834,-64.6849,"40","NB","BOU","Bouctouche","NA","NA"
"eva.12741","Bivalve",46.3489,-64.6231,"38","NB","COC","Cocagne","NA","NA"
"eva.12741","Bivalve",46.2517,-64.5565,"39","NB","SHD","Shediac","NA","NA"
"eva.12741","Bivalve",46.1661,-64.145,"38","NB","SHM","Shemogue","NA","NA"
"eva.12741","Bivalve",45.7332,-62.7449,"33","NS","CRB","Caribou","NA","NA"
"eva.12741","Bivalve",46.4742,-63.9447,"35","PEI","MAL","Malpeque","NA","NA"
"s12862-020-01679-4(1)","Gastropod",-29.267,16.856,"40","NA","PN","Porth Nolloth","NA","NA"
"s12862-020-01679-4(1)","Gastropod",-30.333,17.266,"40","NA","HB","Hondeklipbaai","NA","NA"
"s12862-020-01679-4(1)","Gastropod",-31.283,17.856,"40","NA","BB","Brandsebaai","NA","NA"
"s12862-020-01679-4(1)","Gastropod",-32.101,18.297,"40","NA","LB","Lambertsbai","NA","NA"
"s12862-020-01679-4(1)","Gastropod",-31.971,17.875,"40","NA","JB","Jacobsbaii","NA","NA"
"s12862-020-01679-4(1)","Gastropod",-33.914,18.383,"40","NA","SP","Sea Point","NA","NA"
"s12862-020-01679-4(1)","Gastropod",-34.368,18.915,"40","NA","BT","Battys Bay","NA","NA"
"s12862-020-01679-4(1)","Gastropod",-34.831,20.014,"40","NA","CA","Cape Agulhas","NA","NA"
"s12862-020-01679-4(1)","Gastropod",-34.196,22.155,"39","NA","MB","Mossel Bay","NA","NA"
"s12862-020-01679-4(1)","Gastropod",-34.0852,23.073,"40","NA","KY","Knysna","NA","NA"
"s12862-020-01679-4(1)","Gastropod",-34.202,24.842,"40","NA","CF","Cape St. Francis","NA","NA"
"s12862-020-01679-4(1)","Gastropod",-33.604,26.907,"40","NA","PA","Port Alfred","NA","NA"
"s12862-020-01679-4(1)","Gastropod",-32.764,28.252,"40","NA","HH","Haga Haga","NA","NA"
"s12862-020-01679-4(1)","Gastropod",-31.827,29.307,"30","NA","HL","Hluleka","NA","NA"
"s12862-020-01679-4(2)","Echinoderm",-29.267,16.856,"40","NA","PN","Porth Nolloth","NA","NA"
"s12862-020-01679-4(2)","Echinoderm",-30.333,17.266,"40","NA","HB","Hondeklipbaai","NA","NA"
"s12862-020-01679-4(2)","Echinoderm",-31.8198,18.2312,"40","NA","DB","Doringbaii","NA","NA"
"s12862-020-01679-4(2)","Echinoderm",-32.101,18.297,"40","NA","LB","Lambertsbai","NA","NA"
"s12862-020-01679-4(2)","Echinoderm",-31.971,17.875,"40","NA","JB","Jacobsbaii","NA","NA"
"s12862-020-01679-4(2)","Echinoderm",-33.914,18.383,"40","NA","SP","Sea Point","NA","NA"
"s12862-020-01679-4(2)","Echinoderm",-34.368,18.915,"40","NA","BT","Battys Bay","NA","NA"
"s12862-020-01679-4(2)","Echinoderm",-34.831,20.014,"39","NA","CA","Cape Agulhas","NA","NA"
"s12862-020-01679-4(2)","Echinoderm",-34.196,22.155,"39","NA","MB","Mossel Bay","NA","NA"
"s12862-020-01679-4(2)","Echinoderm",-34.0852,23.073,"40","NA","KY","Knysna","NA","NA"
"s12862-020-01679-4(2)","Echinoderm",-34.202,24.842,"40","NA","CF","Cape St. Francis","NA","NA"
"s12862-020-01679-4(2)","Echinoderm",-33.604,26.907,"40","NA","PA","Port Alfred","NA","NA"
"s12862-020-01679-4(2)","Echinoderm",-32.764,28.252,"40","NA","HH","Haga Haga","NA","NA"
"s12862-020-01679-4(2)","Echinoderm",-31.98828,29.14959,"40","NA","CB","Coffee Bay","NA","NA"
"s12862-020-01679-4(3)","Crustacean",-31.971,17.875,"38","NA","JB","Jacobsbaii","NA","NA"
"s12862-020-01679-4(3)","Crustacean",-33.35698,18.1516,"40","NA","YZ","Yzerfontein","NA","NA"
"s12862-020-01679-4(3)","Crustacean",-33.914,18.383,"40","NA","SP","Sea Point","NA","NA"
"s12862-020-01679-4(3)","Crustacean",-34.368,18.915,"40","NA","BT","Battys Bay","NA","NA"
"s12862-020-01679-4(3)","Crustacean",-34.580813,19.339,"40","NA","GB","Gansbaii","NA","NA"
"s12862-020-01679-4(3)","Crustacean",-34.831,20.014,"40","NA","CA","Cape Agulhas","NA","NA"
"s12862-020-01679-4(3)","Crustacean",-34.4274,21.339669,"40","NA","JF","Jongesfontein","NA","NA"
"s12862-020-01679-4(3)","Crustacean",-34.196,22.155,"40","NA","MB","Mossel Bay","NA","NA"
"s12862-020-01679-4(3)","Crustacean",-34.089704,23.058701,"40","NA","KY","Knysna","NA","NA"
"s12862-020-01679-4(3)","Crustacean",-34.202,24.842,"37","NA","CF","Cape St. Francis","NA","NA"
"s12862-020-01679-4(3)","Crustacean",-32.764,28.252,"40","NA","HH","Haga Haga","NA","NA"
"s12862-020-01679-4(3)","Crustacean",-31.98828,29.14959,"39","NA","CB","Coffee Bay","NA","NA"
"s12862-020-01679-4(3)","Crustacean",-30.852354,30.394507,"40","NA","MG","Margate","NA","NA"
"mec.14526","Gastropod",-34.319,115.067,"29","NA","OM","Outback Middle (OM)","0","no"
"mec.14526","Gastropod",-34.379,115.178,"28","NA","CP","Coral Patch (CP)","0.001","no"
"mec.14526","Gastropod",-34.873,116.035,"29","NA","WO","Windy Outside (WO)","0.018","no"
"mec.14526","Gastropod",-35.033,117.181,"29","NA","PB","Parrys Bay (PB)","0.085","signif"
"mec.14526","Gastropod",-35.003,118.174,"29","NA","II","Inner Island (II)","0.486","signif"
"mec.14526","Gastropod",-34.364,119.528,"29","NA","WP","Whalebone Pt (WP)","0.182","signif"
"mec.14526","Gastropod",-33.972,120.17,"28","NA","2MP","2 Mile Primary (2MP)","0.414","signif"
"mec.14526","Gastropod",-33.972,120.506,"29","NA","MS","Masons (MS)","0.373","signif"
"mec.14526","Gastropod",-33.856,121.2,"28","NA","FC","Fanny Cove (FC)","0.091","signif"
"mec.14526","Gastropod",-33.909,121.819,"29","NA","BR","Burton Rocks (BR)","0.087","signif"
"mec.14526","Gastropod",-34.035,122.238,"28","NA","RI","Rob Island (RI)","0.065","signif"
"mec.14526","Gastropod",-33.899,122.751,"29","NA","BI","Ben Island (BI)","0.071","signif"
"mec.14526","Gastropod",-34.023,123.259,"28","NA","GL","Gulch (GL)","0.075","signif"
"genes11121503","Kelp",41.621624,-8.842757,"NA","NA","CAS","Castelo do Neiva","NA","NA"
"genes11121503","Kelp",43.403193,-8.33264,"NA","NA","POR","Porti±o de Dexo","NA","NA"
"genes11121503","Kelp",47.491326,-2.953724,"NA","NA","LOC","Locmariaquer","NA","NA"
"genes11121503","Kelp",47.820255,-4.401469,"NA","NA","STG","Saint Gu?nol?","NA","NA"
"genes11121503","Kelp",48.479023,-4.792607,"NA","NA","LAN","Lanildut","NA","NA"
"genes11121503","Kelp",48.889614,-3.016897,"NA","NA","LEZ","L?zardrieux","NA","NA"
"genes11121503","Kelp",49.726228,-1.486632,"NA","NA","FER","Fermanville","NA","NA"
"genes11121503","Kelp",50.851796,1.499115,"NA","NA","AUD","Audresselles","NA","NA"
"genes11121503","Kelp",54.19193,7.869016,"NA","NA","HEL","Helgoland","NA","NA"
"genes11121503","Kelp",56.307873,-5.734236,"NA","NA","ELL","Ellenabeich","NA","NA"
"genes11121503","Kelp",79.333862,9.007976,"NA","NA","NYA","Ny-?lesund","NA","NA"
"mec.15857","Coral",-22.439972,166.425954,"NA","NA","15","NA","NA","NA"
"mec.15857","Coral",-22.486598,166.727423,"NA","NA","5","NA","NA","NA"
"mec.15857","Coral",-22.204231,166.260167,"NA","NA","20","NA","NA","NA"
"mec.15857","Coral",-22.423084,167.013587,"NA","NA","10","NA","NA","NA"
"mec.15857","Coral",-21.469362,165.053123,"NA","NA","9","NA","NA","NA"
"mec.15857","Coral",-21.133012,164.740393,"NA","NA","4","NA","NA","NA"
"mec.15857","Coral",-20.884673,164.484526,"NA","NA","19","NA","NA","NA"
"mec.15857","Coral",-20.767928,164.326453,"NA","NA","17","NA","NA","NA"
"mec.15857","Coral",-20.582193,164.122932,"NA","NA","16a","NA","NA","NA"
"mec.15857","Coral",-20.561934,164.176164,"NA","NA","16b","NA","NA","NA"
"mec.15857","Coral",-21.570243,166.232052,"NA","NA","3","NA","NA","NA"
"mec.15857","Coral",-21.819195,165.705502,"NA","NA","14","NA","NA","NA"
"mec.15857","Coral",-20.178287,164.04061,"NA","NA","7","NA","NA","NA"
"mec.15857","Coral",-20.251358,164.003399,"NA","NA","11","NA","NA","NA"
"mec.15857","Coral",-20.152999,163.994869,"NA","NA","1","NA","NA","NA"
"mec.15857","Coral",-20.268773,164.490342,"NA","NA","6","NA","NA","NA"
"mec.15857","Coral",-20.208029,164.324214,"NA","NA","2","NA","NA","NA"
"mec.15857","Coral",-21.252976,165.742749,"NA","NA","13","NA","NA","NA"
"mec.15857","Coral",-21.112906,165.565341,"NA","NA","18","NA","NA","NA"
"mec.15857","Coral",-21.685699,166.437693,"NA","NA","8","NA","NA","NA"
"mec.15857","Coral",-22.486598,166.727423,"NA","NA","5","NA","NA","NA"
"mec.15857","Coral",-22.204231,166.260167,"NA","NA","20","NA","NA","NA"
"mec.15857","Coral",-22.423084,167.013587,"NA","NA","10","NA","NA","NA"
"mec.15857","Coral",-21.469362,165.053123,"NA","NA","9","NA","NA","NA"
"mec.15857","Coral",-21.133012,164.740393,"NA","NA","4","NA","NA","NA"
"mec.15857","Coral",-20.884673,164.484526,"NA","NA","19","NA","NA","NA"
"mec.15857","Coral",-20.767928,164.326453,"NA","NA","17","NA","NA","NA"
"mec.15857","Coral",-20.582193,164.122932,"NA","NA","16a","NA","NA","NA"
"mec.15857","Coral",-20.561934,164.176164,"NA","NA","16b","NA","NA","NA"
"mec.15857","Coral",-21.570243,166.232052,"NA","NA","3","NA","NA","NA"
"mec.15857","Coral",-20.178287,164.04061,"NA","NA","7","NA","NA","NA"
"mec.15857","Coral",-20.251358,164.003399,"NA","NA","11","NA","NA","NA"
"mec.15857","Coral",-20.268773,164.490342,"NA","NA","6","NA","NA","NA"
"mec.15857","Coral",-20.208029,164.324214,"NA","NA","2","NA","NA","NA"
"mec.15857","Coral",-21.252976,165.742749,"NA","NA","13","NA","NA","NA"
"mec.15857","Coral",-21.112906,165.565341,"NA","NA","18","NA","NA","NA"
"mec.15857","Coral",-21.685699,166.437693,"NA","NA","8","NA","NA","NA"
"mec.15857","Coral",-22.439972,166.425954,"NA","NA","15","NA","NA","NA"
"mec.15857","Coral",-22.486598,166.727423,"NA","NA","5","NA","NA","NA"
"mec.15857","Coral",-22.204231,166.260167,"NA","NA","20","NA","NA","NA"
"mec.15857","Coral",-22.423084,167.013587,"NA","NA","10","NA","NA","NA"
"mec.15857","Coral",-21.469362,165.053123,"NA","NA","9","NA","NA","NA"
"mec.15857","Coral",-21.133012,164.740393,"NA","NA","4","NA","NA","NA"
"mec.15857","Coral",-20.884673,164.484526,"NA","NA","19","NA","NA","NA"
"mec.15857","Coral",-20.767928,164.326453,"NA","NA","17","NA","NA","NA"
"mec.15857","Coral",-20.582193,164.122932,"NA","NA","16a","NA","NA","NA"
"mec.15857","Coral",-20.561934,164.176164,"NA","NA","16b","NA","NA","NA"
"mec.15857","Coral",-21.570243,166.232052,"NA","NA","3","NA","NA","NA"
"mec.15857","Coral",-21.819195,165.705502,"NA","NA","14","NA","NA","NA"
"mec.15857","Coral",-20.178287,164.04061,"NA","NA","7","NA","NA","NA"
"mec.15857","Coral",-20.251358,164.003399,"NA","NA","11","NA","NA","NA"
"mec.15857","Coral",-20.268773,164.490342,"NA","NA","6","NA","NA","NA"
"mec.15857","Coral",-20.208029,164.324214,"NA","NA","2","NA","NA","NA"
"mec.15857","Coral",-21.685699,166.437693,"NA","NA","8","NA","NA","NA"
"mec.13811","Crustacean",41.373,-70.775,NA,"NA","RHO","RHO","NA","NA"
"mec.13811","Crustacean",42.001,-69.968,NA,"NA","BUZ","BUZ","NA","NA"
"mec.13811","Crustacean",41.272,-65.796,NA,"NA","BRO","BRO","NA","NA"
"mec.13811","Crustacean",41.901,-65.375,NA,"NA","OFF","OFF","NA","NA"
"mec.13811","Crustacean",42.759,-70.506,NA,"NA","MAR","MAR","NA","NA"
"mec.13811","Crustacean",43.618,-70.035,NA,"NA","BOO","BOO","NA","NA"
"mec.13811","Crustacean",43.666,-65.863,NA,"NA","LOB","LOB","NA","NA"
"mec.13811","Crustacean",44.596,-67.344,NA,"NA","SEA","SEA","NA","NA"
"mec.13811","Crustacean",45.452,-61.002,NA,"NA","CAN","CAN","NA","NA"
"mec.13811","Crustacean",46.272,-60.178,NA,"NA","BRA","BRA","NA","NA"
"mec.13811","Crustacean",46.839,-60.228,NA,"NA","DIN","DIN","NA","NA"
"mec.13811","Crustacean",46.562,-63.761,NA,"NA","MAL","MAL","NA","NA"
"mec.13811","Crustacean",47.4431,-61.971,NA,"NA","MAG","MAG","NA","NA"
"mec.13811","Crustacean",47.9056,-64.471,NA,"NA","CAR","CAR","NA","NA"
"mec.13811","Crustacean",48.569,-64.152,NA,"NA","GAS","GAS","NA","NA"
"mec.13811","Crustacean",49.774,-62.704,NA,"NA","ANT","ANT","NA","NA"
"mec.13811","Crustacean",50.924,-57.249,NA,"NA","SJI","SJI","NA","NA"
"mec.13811","Crustacean",49.689,-55.576,NA,"NA","TRI","TRI","NA","NA"
"eva.12932","Bivalve",52.201,-6.7847,"22","NA","BAN","Bannow Bay","NA","NA"
"eva.12932","Bivalve",51.971,-5.247,"17","NA","GAN","Gann","NA","NA"
"eva.12932","Bivalve",53.424,-3.237,"22","NA","DEE","Dee","NA","NA"
"eva.12932","Bivalve",52.521,-4.107,"11","NA","DYF","Dyfi","NA","NA"
"eva.12932","Bivalve",52.186,-6.786,"13","NA","FLX","Flaxfort Strand","NA","NA"
"eva.12932","Bivalve",53.306,-4.205,"18","NA","RWB","Red wharf","NA","NA"
"eva.12932","Bivalve",51.669,-4.254,"30","NA","BUR","Burry Inlet","NA","NA"
"mec.14352","Fish",-12.516964,130.322701,NA,"NA",NA,"Bass reef","NA","NA"
"mec.14352","Fish",-12.928214,130.195348,NA,"NA",NA,"Point Blaze","NA","NA"
"mec.14352","Fish",NA,NA,NA,"NA",NA,"Sail City","NA","NA"
"mec.14352","Fish",-14.095312,125.862406,NA,"NA",NA,"Long reef","NA","NA"
"mec.14352","Fish",-14.069,125.652,NA,"NA",NA,"Pascal Island","NA","NA"
"mec.14352","Fish",-14.051,125.3501,NA,"NA",NA,"Jamieson Reef","NA","NA"
"mec.14352","Fish",-14.267,125.583,NA,"NA",NA,"Cape Voltaire","NA","NA"
"mec.14352","Fish",-14.3671,125.407,NA,"NA",NA,"Cleghorn Island","NA","NA"
"mec.14352","Fish",-14.559,125.188,NA,"NA",NA,"Bigge island","NA","NA"
"mec.14352","Fish",-27.698,114.105,NA,"NA",NA,"Blue Holes","NA","NA"
"mec.14352","Fish",-15.27036,124.64766,NA,"NA",NA,"Adieu Point","NA","NA"
"mec.14352","Fish",-15.5289,124.4028,NA,"NA",NA,"Wailgwin Island West","NA","NA"
"mec.14352","Fish",-15.892605,124.44755,NA,"NA",NA,"Hall Point","NA","NA"
"mec.14352","Fish",15.9077,124.3456,NA,"NA",NA,"Ngalanguru Island","NA","NA"
"mec.14352","Fish",-15.946,124.2077,NA,"NA",NA,"Montgomery Island","NA","NA"
"mec.14352","Fish",-16.391309,123.854592,NA,"NA",NA,"Dugong Island","NA","NA"
"mec.14352","Fish",-16.0229,123.5385,NA,"NA",NA,"Bathurst Island","NA","NA"
"mec.14352","Fish",-16.079,123.55,NA,"NA",NA,"Irvine Island","NA","NA"
"mec.14352","Fish",NA,NA,NA,"NA",NA,"Fraser island","NA","NA"
"mec.14352","Fish",-16.0583,123.403,NA,"NA",NA,"Longitude Island","NA","NA"
"mec.14352","Fish",-16.132705,123.31341,NA,"NA",NA,"Asshlyn Island","NA","NA"
"mec.14352","Fish",-16.177,123.341,NA,"NA",NA,"Pope Island","NA","NA"
"mec.14352","Fish",-16.315,123.314,NA,"NA",NA,"Gregory Island","NA","NA"
"mec.14352","Fish",-16.429,123.357,NA,"NA",NA,"Mermaid Island","NA","NA"
"mec.14352","Fish",-16.426524,123.196789,NA,"NA",NA,"Jorrol","NA","NA"
"mec.14352","Fish",-16.416054,123.169996,NA,"NA",NA,"Hal´s Pool","NA","NA"
"mec.14352","Fish",-16.409,123.126,NA,"NA",NA,"Tallon Island","NA","NA"
"mec.14352","Fish",-15.105,124.355,NA,"NA",NA,"Jackson Island","NA","NA"
"mec.14352","Fish",NA,NA,NA,"NA",NA,"Bowlun","NA","NA"
"mec.14352","Fish",-16.466141,123.036023,NA,"NA",NA,"Shenton Bluff","NA","NA"
"mec.14352","Fish",-16.437301,122.90804,NA,"NA",NA,"Ngamakoon","NA","NA"
"mec.14352","Fish",-16.760832,122.585163,NA,"NA",NA,"Emeriau Point","NA","NA"
"mec.14352","Fish",-18.716969,121.631357,NA,"NA",NA,"Cape Bossut","NA","NA"
"mec.14352","Fish",-19.958,119.758,NA,"NA",NA,"Cape Keraudren","NA","NA"
"mec.14352","Fish",-20.633,117.71009,NA,"NA",NA,"Depuch Island","NA","NA"
"mec.14352","Fish",-20.638952,117.672628,NA,"NA",NA,"West Moore","NA","NA"
"mec.14352","Fish",-20.45,116.821,NA,"NA",NA,"Gidley Island","NA","NA"
"mec.14352","Fish",-20.486,116.5973,NA,"NA",NA,"Rosemary Island","NA","NA"
"mec.14352","Fish",-20.851472,116.19888,NA,"NA",NA,"Cape Preston","NA","NA"
"mec.14352","Fish",-21.105,115.786,NA,"NA",NA,"Passage Island","NA","NA"
"mec.14352","Fish",-20.361143,115.541952,NA,"NA",NA,"Montebello North","NA","NA"
"mec.14352","Fish",-20.476925,115.539471,NA,"NA",NA,"Montebello South","NA","NA"
"mec.14352","Fish",-21.458,115.005,NA,"NA",NA,"Thevenard Islands","NA","NA"
"mec.14352","Fish",-21.562861,115.005,NA,"NA",NA,"Paroo Shoal","NA","NA"
"mec.14352","Fish",-21.7155,114.7673,NA,"NA",NA,"Locker point","NA","NA"
"mec.14352","Fish",-22.294,114.154,NA,"NA",NA,"Bay of Rest","NA","NA"
"mec.14352","Fish",-22.4184,114.1838,NA,"NA",NA,"Roberts Island","NA","NA"
"mec.14352","Fish",-21.9118,113.977,NA,"NA",NA,"Tantabiddi","NA","NA"
"mec.14352","Fish",-22.0283,113.9145,NA,"NA",NA,"Milyering","NA","NA"
"mec.14352","Fish",-24.8486,113.1549,NA,"NA",NA,"Bernier Island","NA","NA"
"mec.14352","Fish",-25.0617,113.134,NA,"NA",NA,"Dorre Island","NA","NA"
"ddi.13016","Echinoderm",48.207,-4.377,"23","NA","CZ","Crozon","NA","NA"
"ddi.13016","Echinoderm",29.391,-10.176,"22","NA","SI","Sidi Ifni","NA","NA"
"ddi.13016","Echinoderm",36,-5.609,"22","NA","TA","Tarifa","NA","NA"
"ddi.13016","Echinoderm",36.721,-3.728,"22","NA","LH","La Herradura","NA","NA"
"ddi.13016","Echinoderm",36.992,-1.886,"22","NA","CA","Carboneras","NA","NA"
"ddi.13016","Echinoderm",37.635,-0.689,"22","NA","PA","Palos","NA","NA"
"ddi.13016","Echinoderm",38.753,0.2291,"22","NA","XA","Xàbia","NA","NA"
"ddi.13016","Echinoderm",42.391,3.155,"22","NA","CO","Colera","NA","NA"
"ddi.13016","Echinoderm",45.691,13.741,"22","NA","TR","Trieste","NA","NA"
"ddi.13016","Echinoderm",40.662,19.28,"22","NA","FI","Fier","NA","NA"
"ddi.13016","Echinoderm",36.764,28.613,"20","NA","DL","Dalyan","NA","NA"
"eva.13248","Fish",58.73,-78.38,"24","NA","IPI","Ipikituk River","NA","NA"
"eva.13248","Fish",58.7,-78.36,"17","NA","SPI","Saputaliuk River","NA","NA"
"eva.13248","Fish",58.56,-78.21,"24","NA","FMI","Five Mile Inlet","NA","NA"
"eva.13248","Fish",60.75,-77.63,"28","NA","KOA","Korak River","NA","NA"
"eva.13248","Fish",60.79,-78.02,"15","NA","CHU","Chukotat River","NA","NA"
"eva.13248","Fish",61.36,-77.7,"21","NA","KOV","Kovik River","NA","NA"
"eva.13248","Fish",62.13,-74.62,"30","NA","BDE","Deception Bay","NA","NA"
"eva.13248","Fish",62.06,-74.53,"44","NA","DUQ","Duquet Lake","NA","NA"
"eva.13248","Fish",62.04,-74.25,"38","NA","FRM","François-Malherbe Lake","NA","NA"
"eva.13248","Fish",62.06,-72.65,"29","NA","DOU","Douglas Harbour","NA","NA"
"eva.13248","Fish",60.01,-70.7,"30","NA","PAY","Payne River","NA","NA"
"eva.13248","Fish",59.3,-69.79,"39","NA","CHR","Red Dog River","NA","NA"
"eva.13248","Fish",59.25,-69.66,"25","NA","VOL","Voltz River","NA","NA"
"eva.13248","Fish",59.32,-69.63,"24","NA","HAB†","Hopes Advance Bay","NA","NA"
"eva.13248","Fish",58.77,-70.11,"40","NA","FEU","Leaf River","NA","NA"
"eva.13248","Fish",58.65,-69.97,"36","NA","BER","Bérard River","NA","NA"
"eva.13248","Fish",58.69,-65.95,"37","NA","GEO","George River","NA","NA"
"eva.13248","Fish",59.06,-65.4,"17","NA","AKI","Akilasaaluk River","NA","NA"
"eva.13248","Fish",64.01,-72.64,"23","NA","AVA","Avas Inlet","NA","NA"
"eva.13248","Fish",62.82,-69.82,"38","NA","LHO","Lake Harbour","NA","NA"
"eva.13248","Fish",62.12,-67.32,"27","NA","PRZ","Pritzler Harbour","NA","NA"
"eva.13248","Fish",56.74,-62.54,"18","NA","KAM‡","Kamanatsuk River","NA","NA"
"eva.13248","Fish",56.49,-62.15,"26","NA","ANA‡","Anaktalik Bay","NA","NA"
"eva.13219","Rodholith",60.541,4.846,"1","NA","Nor","Norway, Hordaland","NA","NA"
"eva.13219","Rodholith",54.379,-5.564,"12","NA","Zar","Northern Ireland, Zara Shoal","NA","NA"
"eva.13219","Rodholith",51.704,-5.076,"1","NA","Mil","Wales, Milford Haven","NA","NA"
"eva.13219","Rodholith",50.164,-5.028,"10","NA","Fal","England, Fal Estuary","NA","NA"
"eva.13219","Rodholith",50.05,-5.05,"6","NA","Man","England, The Manacles","NA","NA"
"eva.13219","Rodholith",48.711,-3.951,"12","NA","Mor","France, Morlaix","NA","NA"
"eva.13219","Rodholith",47.795,-3.887,"9","NA","Tre","France, Trévignon","NA","NA"
"eva.13219","Rodholith",46.233,-1.381,"2","NA","Roc","France, La Rochelle","NA","NA"
"eva.13219","Rodholith",42.789,-9.02,"12","NA","Bor","Spain, Bornalle","NA","NA"
"eva.13219","Rodholith",42.395,-8.915,"11","NA","Ons","Spain, Illa de Ons","NA","NA"
"eva.13219","Rodholith",37.027,-8.317,"2","NA","Arm","Portugal, Armaçao de Pêra","NA","NA"
"eva.13219","Rodholith",55.983,-5.632,"12","NA","ScoPpur","Scotland, Loch Sween","NA","NA"
"eva.13219","Rodholith",50.164,-5.028,"2","NA","Lcor05","England, Fal Estuary","NA","NA"
"eva.13219","Rodholith",48.711,-3.951,"1","NA","Lcor08","France, Morlaix","NA","NA"
"eva.13219","Rodholith",47.795,-3.887,"1","NA","Lcor09","France, Trévignon","NA","NA"
"eva.13219","Rodholith",46.233,-1.381,"1","NA","Lcor11","France, La Rochelle","NA","NA"
"eva.13322","Bivalve",38.735323,-76.30243,"50","MD","HCR1","Harris Creek","NA","NA"
"eva.13322","Bivalve",38.711485,-76.316936,"50","MD","HCR2","Harris Creek","NA","NA"
"eva.13322","Bivalve",38.731909,-76.302688,"50","MD","HCR4","Harris Creek","NA","NA"
"eva.13322","Bivalve",38.715637,-76.320025,"60","MD","HCS","Harris Creek","NA","NA"
"eva.13322","Bivalve",38.710212,-76.318738,"60","MD","HCW","Harris Creek","NA","NA"
"eva.13322","Bivalve",38.5368,-76.254303,"48","MD","LC","Little Choptank","NA","NA"
"eva.13322","Bivalve",38.57,-76.04,"48","MD","TB","States Bank","NA","NA"
"eva.13322","Bivalve",37.5322,-76.253,"50","VA","BR","Beverlys Rock","NA","NA"
"eva.13322","Bivalve",37.012,-76.468,"48","VA","JR","James River","NA","NA"
"eva.13322","Bivalve",37.78303,-75.94814,"50","VA","TS","Tangier Sound","NA","NA"
"eva.13322","Bivalve",37.612233,-75.66795,"50","VA","W","Wachapreague","NA","NA"
"eva.12979","Fish",49.0993,-67.3247,"NA","NA","ESTJ","Estuary J","NA","NA"
"eva.12979","Fish",NA,-62.4102,"NA","NA","ANTJ","Anticosti Island North","NA","NA"
"eva.12979","Fish",48.339722,-70.849,"NA","NA","SAGU","Saguenay","NA","NA"
"eva.12979","Fish",48.9548,-67.9288,"NA","NA","ESTU","Estuary U","NA","NA"
"eva.12979","Fish",49.7807,-62.5422,"NA","NA","NANT","Anticosti Island North","NA","NA"
"eva.12979","Fish",49.53333,-64.85,"NA","NA","GASP","Gaspé","NA","NA"
"eva.12979","Fish",49.9485,-59.516,"NA","NA","ESQU","Esquiman","NA","NA"
"eva.12979","Fish",53.218056,-53.60055,"NA","NA","NFLD","Labrador","NA","NA"
"eva.12979","Fish",47.04,-48,"NA","NA","NFLG","Newfoundland","NA","NA"
"s12864-018-4579-z","Fish",36.0155,-5.2157,"10","NA","20","Gibraltar","NA","NA"
"s12864-018-4579-z","Fish",38.1684,-0.1918,"9","NA","3","Santa pola","NA","NA"
"s12864-018-4579-z","Fish",36.599,-4.0531,"9","NA","4","Marbella","NA","NA"
"s12864-018-4579-z","Fish",36.8924,-1.9338,"9","NA","5","Aguilas","NA","NA"
"s12864-018-4579-z","Fish",39.8159,0.3926,"10","NA","45","Denia","NA","NA"
"s12864-018-4579-z","Fish",40.95,2.06,"10","NA","46","Torredembara","NA","NA"
"s12864-018-4579-z","Fish",39.8701,3.9435,"9","NA","100","Menorca","NA","NA"
"s12864-018-4579-z","Fish",39.48,3.53,"10","NA","24","East Mallorca","NA","NA"
"s12864-018-4579-z","Fish",38.8311,1.3928,"9","NA","68","Ibiza","NA","NA"
"s12864-018-4579-z","Fish",39.4056,2.5751,"9","NA","99","West Mallorca","NA","NA"
"s12864-018-4579-z","Fish",43.126,4.7681,"10","NA","48","Marseille","NA","NA"
"s12864-018-4579-z","Fish",41.2288,9.5491,"10","NA","14","Bonifacio","NA","NA"
"s12864-018-4579-z","Fish",40.3453,9.8254,"10","NA","16","Cala Gonone","NA","NA"
"s12864-018-4579-z","Fish",42.93,9.17,"17","NA","19_27","North Corsica","NA","NA"
"s12864-018-4579-z","Fish",41.01,8.16,"17","NA","13_15","East Sardinia","NA","NA"
"s12864-018-4579-z","Fish",39.1072,9.399,"9","NA","18","Cagliari","NA","NA"
"s12864-018-4579-z","Fish",39.335,15.7479,"9","NA","51","Tropea","NA","NA"
"s12864-018-4579-z","Fish",41.2109,13.0726,"16","NA","52_53","Capri","NA","NA"
"s12864-018-4579-z","Fish",37.278,7.2594,"10","NA","88","Annaba","NA","NA"
"s12864-018-4579-z","Fish",37.3368,9.0391,"10","NA","89","Bizerte","NA","NA"
"s12864-018-4579-z","Fish",35.6302,11.1504,"17","NA","90_92","Tunis","NA","NA"
"s12864-018-4579-z","Fish",33.3467,12.1275,"10","NA","91","Zarsis","NA","NA"
"s12864-018-4579-z","Fish",38.55,16.77,"11","NA","25_84","Crotone","NA","NA"
"s12864-018-4579-z","Fish",40.0263,17.2276,"9","NA","85","Gallipoli","NA","NA"
"s12864-018-4579-z","Fish",36.81,15.26,"15","NA","12_87","South Sicily","NA","NA"
"s12864-018-4579-z","Fish",37.78,12.32,"18","NA","11_86","West Sicily","NA","NA"
"s12864-018-4579-z","Fish",36.94,21.53,"11","NA","32_43","Kefalonia","NA","NA"
"s12864-018-4579-z","Fish",43.657,14.6014,"14","NA","80_82","Monfalcone","NA","NA"
"s12864-018-4579-z","Fish",40.6367,18.0343,"10","NA","83","Monopoli","NA","NA"
"s12864-018-4579-z","Fish",35.2844,25.7697,"17","NA","29_96","North Crete","NA","NA"
"s12864-018-4579-z","Fish",40.6046,24.4465,"9","NA","30","Keramoti","NA","NA"
"s12864-018-4579-z","Fish",40.047,22.8903,"10","NA","34","Pereas","NA","NA"
"s12864-018-4579-z","Fish",36.78,25.58,"9","NA","35","Naxos","NA","NA"
"s12864-018-4579-z","Fish",37.8249,24.1212,"12","NA","36_8","Galatas","NA","NA"
"s12864-018-4579-z","Fish",37.2232,24.6743,"10","NA","37","Sifnos","NA","NA"
"s12864-018-4579-z","Fish",39.1457,23.9894,"11","NA","38_39","Skyros","NA","NA"
"s12864-018-4579-z","Fish",36.3271,27.4313,"14","NA","40_41","Karpathos","NA","NA"
"s12864-018-4579-z","Fish",40.0641,23.5063,"18","NA","9","Pyrgadikia","NA","NA"
"s12864-018-4579-z","Fish",34.78,25.2167,"10","NA","95","South Crete","NA","NA"
"s12864-018-4579-z","Fish",38.57,26.19,"9","NA","6","Cesme","NA","NA"
"s12864-018-4579-z","Fish",39.6117,26.0826,"13","NA","33_69","Assos ","NA","NA"
"s12864-018-4579-z","Fish",35.94,33.2368,"18","NA","55_56","Gazipasha","NA","NA"
"s12864-018-4579-z","Fish",36.2235,35.6724,"10","NA","72","Samandag","NA","NA"
"s12864-018-4579-z","Fish",35.3433,34.4483,"10","NA","10","Kumyali","NA","NA"
"s12864-018-4579-z","Fish",34.78,32.3,"16","NA","93_94","West Cyprus","NA","NA"
"s12864-018-4579-z","Fish",33.765,35.12,"9","NA","73","Acre","NA","NA"
"s12864-018-4579-z","Fish",31.6697,34.0439,"9","NA","74","Jaffa","NA","NA"
"s12864-018-4579-z","Fish",NA,NA,NA,"NA","","","NA","NA"
"eva.13340","Bivalve",54.814,8.298,"22","NA","ASCE_17","Sylt","NA","NA"
"eva.13340","Bivalve",53.004,4.771,"21","NA","NTX_18","Texel","NA","NA"
"eva.13340","Bivalve",53.343,-3.174,"30","NA","WDE_17","Dee Estuary","NA","NA"
"eva.13340","Bivalve",53.343,-3.174,"30","NA","WDE_18","Dee Estuary","NA","NA"
"eva.13340","Bivalve",51.643,-4.166,"30","NA","WBY_17","Burry","NA","NA"
"eva.13340","Bivalve",51.643,-4.166,"30","NA","WBY_18","Burry","NA","NA"
"eva.13340","Bivalve",53.884,-6.341,"29","NA","IDA_18","Dundalk Bay-Annagassan","NA","NA"
"eva.13340","Bivalve",53.996,-6.287,"22","NA","IDC_18","Dundalk Bay-Cooley","NA","NA"
"eva.13340","Bivalve",50.201,1.627,"30","NA","FBS_17","Somme Bay","NA","NA"
"eva.13340","Bivalve",50.201,1.627,"31","NA","FBS_18","Somme Bay","NA","NA"
"eva.13340","Bivalve",44.58,-1.238,"30","NA","FAR_17","Archachon Bay","NA","NA"
"eva.13340","Bivalve",42.79,-8.923,"30","NA","SNO_17","Ría de Noia","NA","NA"
"eva.13340","Bivalve",42.79,-8.923,"30","NA","SNO_18","Ría de Noia","NA","NA"
"eva.13340","Bivalve",42.629,-8.775,"30","NA","SLO_17","Lombos do Ulla","NA","NA"
"eva.13340","Bivalve",42.629,-8.775,"32","NA","SLO_18","Lombos do Ulla","NA","NA"
"eva.13340","Bivalve",40.623,-8.739,"30","NA","PRA_17","Ria de Aveiro","NA","NA"
"eva.13340","Bivalve",38.767,-9.033,"8","NA","PTE_18","Tejo Estuary","NA","NA"
"eva.13340","Bivalve",38.45,-8.717,"20","NA","PSA_19","Sado Estuary","NA","NA"
"eva.13340","Bivalve",36.998,-7.83,"30","NA","PRF_17","Ria Formosa","NA","NA"
"eva.13340","Bivalve",36.998,-7.83,"30","NA","PRF_18","Ria Formosa","NA","NA"
"mec.13245","Crustacean",46.529,-63.6874,"31","North","MAL","Malpeque Bay, PEI","NA","NA"
"mec.13245","Crustacean",48.7208,-64.2789,"36","North","CAR","Caraquet, QC","NA","NA"
"mec.13245","Crustacean",47.379,-61.853,"38","North","MAG","Magdalene Islands, QC","NA","NA"
"mec.13245","Crustacean",48.7313,-64.3065,"32","North","GAS","Gaspé, QC","NA","NA"
"mec.13245","Crustacean",49.5218,-55.6107,"35","North","TRI","Triton, NF","NA","NA"
"mec.13245","Crustacean",47.6113,-57.5873,"32","North","BON","Bonavista, NF","NA","NA"
"mec.13245","Crustacean",46.9139,-60.4285,"35","North","DIN","Dingwall, NS","NA","NA"
"mec.13245","Crustacean",45.7516,-60.817,"32","North","BRA","Bras d'Or Lake, NS","NA","NA"
"mec.13245","Crustacean",45.3362,-60.9944,"35","North","CAN","Canso, NS","NA","NA"
"mec.13245","Crustacean",43.6792,-65.8784,"36","South","LOB","Lobster Bay, NS","NA","NA"
"mec.13245","Crustacean",44.6403,-66.7199,"33","South","SEA","Seal Cove, NB","NA","NA"
"mec.13245","Crustacean",43.8165,-69.6897,"35","South","BOO","Boothbay Harbour, US","NA","NA"
"mec.13245","Crustacean",42.4999,-70.8578,"34","South","MAR","Marblehead, US","NA","NA"
"mec.13245","Crustacean",41.5292,-70.8357,"36","South","BUZ","Buzzard's Bay, US","NA","NA"
"mec.13245","Crustacean",42.4588,-65.2083,"35","South","BRO","Browns Bank","NA","NA"
"mec.13245","Crustacean",42.1538,-66.0143,"36","South","OFF","Georges Basin","NA","NA"
"mec.13245","Crustacean",41.58,-71.4774,"35","South","RHO","Rhode Island, US","NA","NA"
"ece3.7625","Crustacean",12.156,120.094,"14","West","CRN","Coron, Palawan","NA","NA"
"ece3.7625","Crustacean",10.364,119.389,"13","West","ROX","Roxas, Palawan","NA","NA"
"ece3.7625","Crustacean",9.7384,118.687,"15","West","PPC","Puerto Princesa, Palawan","NA","NA"
"ece3.7625","Crustacean",8.65,117.52,"12","West","BAT","Bataraza, Palawan","NA","NA"
"ece3.7625","Crustacean",12.346,121.063,"22","East","MSJ","San Jose, Occidental Mindoro","NA","NA"
"ece3.7625","Crustacean",10.719,121.964,"13","East","ANT","Hamtic, Antique","NA","NA"
"ece3.7625","Crustacean",9.048,123.002,"15","East","NEG","Siaton, Negros Oriental","NA","NA"
"ece3.7625","Crustacean",5.215,119.955,"12","East","TWI","Languyan, Tawi-Tawi","NA","NA"
"ece3.7625","Crustacean",18.48,122.15,"15","Outgroup","CGY","Sta. Ana, Cagayan","NA","NA"
"ece3.7625","Crustacean",6.105,125.167,"15","Outgroup","GSC","General Santos City","NA","NA"
"ece3.2844","Echinoderm",39.793289,19.935636,"31","Ionian Sea","OTH","NA","NA","NA"
"ece3.2844","Echinoderm",40.3928,19.324967,"30","Ionian Sea","KAP","NA","NA","NA"
"ece3.2844","Echinoderm",42.387533,18.569633,"26","Adriatic Sea","BOK","NA","NA","NA"
"ece3.2844","Echinoderm",43.79225,15.281483,"26","Adriatic Sea","KOR","NA","NA","NA"
"ece3.2844","Echinoderm",42.138583,15.52395,"28","Adriatic Sea","TRE","NA","NA","NA"
"ece3.2844","Echinoderm",40.71665,17.80005,"31","Adriatic Sea","TOG","NA","NA","NA"
"ece3.2844","Echinoderm",40.109233,18.519217,"30","Adriatic–Ionian Sea","OTR","NA","NA","NA"
"ece3.2844","Echinoderm",40.19525,17.91795,"30","Ionian Sea","POC","NA","NA","NA"
"ece3.2844","Echinoderm",42.48229,3.137416,"26","Western Med. Sea","FRN","NA","NA","NA"
"ece3.2844","Echinoderm",37.05044,10.967,"16","Western Med. Sea","TUN","NA","NA","NA"
"evaa150","Echinoderm",24.3654992,54.1007999,"NA","NA","DH","Dhabiya","NA","NA"
"evaa150","Echinoderm",24.5989999,54.4214999,"NA","NA","SA","Saadiyat","NA","NA"
"evaa150","Echinoderm",24.8481654,54.69029588,"NA","NA","RG","Ras Ghanada","NA","NA"
"evaa150","Echinoderm",26.174924,56.173506,"NA","NA","MS","Musandam","NA","NA"
"evaa150","Echinoderm",25.60313453,56.3484767,"NA","NA","DB","Dibba Rock","NA","NA"
"evaa150","Echinoderm",25.562684,56.353478,"NA","NA","AF","Al Fiquet","NA","NA"
"evaa150","Echinoderm",25.4929462,56.3635226,"NA","NA","AA","Al Aqat","NA","NA"
"ece3.8064","Fish",29.661081,-85.00339,"NA","Gulf of Mexico","AP","Apalachiola Bay","NA","NA"
"ece3.8064","Fish",29.382179,-89.94267,"NA","Gulf of Mexico","BB","Baratari Bay","NA","NA"
"ece3.8064","Fish",32.7664882,-79.901339,"NA","Gulf of Mexico","CH","Charleston Bay","NA","NA"
"ece3.8064","Fish",30.26626,-88.51994,"NA","Gulf of Mexico","EMS","East Mississippi Sound","NA","NA"
"ece3.8064","Fish",29.444754,-94.82757,"NA","Gulf of Mexico","GB","Galveston Bay","NA","NA"
"ece3.8064","Fish",28.529411,-96.319301,"NA","Gulf of Mexico","MAT","Matagorda Bay","NA","NA"
"ece3.8064","Fish",30.405516,-87.994139,"NA","Gulf of Mexico","MB","Mobile Bay","NA","NA"
"ece3.8064","Fish",29.883394,-93.842804,"NA","Gulf of Mexico","SL","Sabine Lake","NA","NA"
"ece3.8064","Fish",28.364667,-96.734529,"NA","Gulf of Mexico","SA","San Antonio Bay","NA","NA"
"ece3.8064","Fish",32.98931,-79.384377,"NA","Atlantic","ST","Santee Rivers","NA","NA"
"ece3.8064","Fish",32.452939,-80.439386,"NA","Atlantic","SHS","St. Helena Sound","NA","NA"
"ece3.8064","Fish",29.051774,-80.789423,"NA","Atlantic","SJR","St. John´s River","NA","NA"
"ece3.8064","Fish",32.70926,-80.009892,"NA","Atlantic","SR","Stono-North Edisto Rivers","NA","NA"
"ece3.8064","Fish",30.186692,-89.034467,"NA","Atlantic","WMS","West Mississippi Sound","NA","NA"
"ece3.8064","Fish",33.259408,-79.231566,"NA","Atlantic","WB","Winyah Bay","NA","NA"
"j.cbd.2021.100828","Crustacean",38.959201,121.709811,"NA","NA","DL","Dalian","NA","NA"
"j.cbd.2021.100828","Crustacean",36.114805,120.216369,"NA","NA","QD","Qingdao","NA","NA"
"j.cbd.2021.100828","Crustacean",24.408929,118.166842,"NA","NA","XM","Xiamen","NA","NA"
"rspb.2021.0407","Fish",33.005133,132.5047,"8","NA","JP","Japan","NA","NA"
"rspb.2021.0407","Fish",10.87304,124.7122,"10","NA","PH","Philipines","NA","NA"
"rspb.2021.0407","Fish",-0.652217,119.739,"7","NA","In","Indonesia","NA","NA"
"ece3.7322","Ascidean",39.8708,124.302,"21","NA","DAD","Dandong","NA","NA"
"ece3.7322","Ascidean",40.8837,121.3323,"22","NA","LIH","Linghai","NA","NA"
"ece3.7322","Ascidean",38.4705,121.1538,"10","NA","LVS","Lvshun","NA","NA"
"ece3.7322","Ascidean",37.8634,120.3249,"12","NA","LAZ","Laizhou","NA","NA"
"ece3.7322","Ascidean",35.5702,119.6944,"15","NA","RIZ","Rizhao","NA","NA"
"ece3.7322","Ascidean",28.2891,121.1691,"11","NA","QJZ","Qingjiangzhen","NA","NA"
"ece3.7322","Ascidean",26.4819,119.9838,"17","NA","ND","Ningde","NA","NA"
"ece3.7322","Ascidean",24.4292,118.1725,"10","NA","XIM","Xiamen","NA","NA"
"eva.13202","Fish",31.37,117.45,"NA","NA","NA","Baja California","NA","NA"
"eva.13202","Fish",28.31,117.27,"NA","NA","NA","Baja California","NA","NA"
"eva.13202","Fish",31.39,117.41,"NA","NA","NA","Baja California","NA","NA"
"eva.13202","Fish",31.38,117.47,"NA","NA","NA","Baja California","NA","NA"
"eva.13202","Fish",31.39,117.43,"NA","NA","NA","Baja California","NA","NA"
"eva.13202","Fish",31.42,117.43,"NA","NA","NA","Baja California","NA","NA"
"eva.13202","Fish",31.42,117.32,"NA","NA","NA","Baja California","NA","NA"
"eva.13202","Fish",31.43,117.3,"NA","NA","NA","Baja California","NA","NA"
"eva.13202","Fish",31.43,117.26,"NA","NA","NA","Baja California","NA","NA"
"eva.13202","Fish",31.44,117.28,"NA","NA","NA","Baja California","NA","NA"
"eva.13202","Fish",31.05,117.19,"NA","NA","NA","Baja California","NA","NA"
"eva.13202","Fish",30.54,117.2,"NA","NA","NA","Baja California","NA","NA"
"eva.13202","Fish",31.15,117.33,"NA","NA","NA","Baja California","NA","NA"
"eva.13202","Fish",34.483333,-122.25,"NA","NA","NA","Southern California","NA","NA"
"eva.13202","Fish",32.466667,-122.316667,"NA","NA","NA","Southern California","NA","NA"
"eva.13202","Fish",34.666667,-122.433333,"NA","NA","NA","Southern California","NA","NA"
"eva.13202","Fish",35.733333,-125.15,"NA","NA","NA","Southern California","NA","NA"
"eva.13202","Fish",35.733333,-124.583333,"NA","NA","NA","Southern California","NA","NA"
"eva.13202","Fish",35.616667,-122.65,"NA","NA","NA","Southern California","NA","NA"
"eva.13202","Fish",35.816667,-122.4,"NA","NA","NA","Southern California","NA","NA"
"eva.13202","Fish",36.1,122.833333,"NA","NA","NA","Southern California","NA","NA"
"eva.13202","Fish",36.1,-122.916667,"NA","NA","NA","Southern California","NA","NA"
"eva.13202","Fish",34.9,-122,"NA","NA","NA","Southern California","NA","NA"
"eva.13202","Fish",34.9,-122.866667,"NA","NA","NA","Southern California","NA","NA"
"eva.13202","Fish",35.5,-120,"NA","NA","NA","Southern California","NA","NA"
"eva.13202","Fish",35.166667,-122.65,"NA","NA","NA","Southern California","NA","NA"
"eva.13202","Fish",35.433333,-122.316667,"NA","NA","NA","Southern California","NA","NA"
"eva.13202","Fish",35.1,-122.6,"NA","NA","NA","Southern California","NA","NA"
"eva.13202","Fish",34.3,-122.216667,"NA","NA","NA","Southern California","NA","NA"
"eva.13202","Fish",33.966667,-122.1,"NA","NA","NA","Southern California","NA","NA"
"eva.13202","Fish",40.7,-125.07,"NA","NA","NA","Northern California","NA","NA"
"eva.13202","Fish",40.89,-125.8,"NA","NA","NA","Northern California","NA","NA"
"eva.13202","Fish",40.88,-125.84,"NA","NA","NA","Northern California","NA","NA"
"eva.13202","Fish",40.94,-125.66,"NA","NA","NA","Northern California","NA","NA"
"eva.13202","Fish",40.95,-125.65,"NA","NA","NA","Northern California","NA","NA"
"eva.13202","Fish",40.95,-125.66,"NA","NA","NA","Northern California","NA","NA"
"eva.13202","Fish",44.83166667,-125.07,"NA","NA","NA","Oregon","NA","NA"
"eva.13202","Fish",44.81833333,-125,"NA","NA","NA","Oregon","NA","NA"
"eva.13202","Fish",44.83333333,-125,"NA","NA","NA","Oregon","NA","NA"
"eva.13202","Fish",44.83333333,-124.97,"NA","NA","NA","Oregon","NA","NA"
"eva.13202","Fish",44.815,-125,"NA","NA","NA","Oregon","NA","NA"
"eva.13202","Fish",44.82666667,-125,"NA","NA","NA","Oregon","NA","NA"
"eva.13202","Fish",44.84,-125,"NA","NA","NA","Oregon","NA","NA"
"eva.13202","Fish",44.82,-125,"NA","NA","NA","Oregon","NA","NA"
"eva.13202","Fish",44.81666667,-125,"NA","NA","NA","Oregon","NA","NA"
"eva.13202","Fish",44.85833333,-125.03,"NA","NA","NA","Oregon","NA","NA"
"eva.13202","Fish",44.85666667,-125.03,"NA","NA","NA","Oregon","NA","NA"
"eva.13202","Fish",44.855,-125.04,"NA","NA","NA","Oregon","NA","NA"
"eva.13202","Fish",44.85833333,-125.06,"NA","NA","NA","Oregon","NA","NA"
"eva.13202","Fish",44.855,-125.06,"NA","NA","NA","Oregon","NA","NA"
"eva.13202","Fish",44.85166667,-125.1,"NA","NA","NA","Oregon","NA","NA"
"eva.13202","Fish",44.85333333,-125.13,"NA","NA","NA","Oregon","NA","NA"
"eva.13202","Fish",44.85333333,-125.1,"NA","NA","NA","Oregon","NA","NA"
"eva.13202","Fish",44.87833333,-125.14,"NA","NA","NA","Oregon","NA","NA"
"eva.13202","Fish",46.2666,-125.1666,"NA","NA","NA","Washington","NA","NA"
"eva.13202","Fish",46.25,-125.1166,"NA","NA","NA","Washington","NA","NA"
"eva.13202","Fish",46.2333,-125.1166,"NA","NA","NA","Washington","NA","NA"
"eva.13202","Fish",46.25,-125.1333,"NA","NA","NA","Washington","NA","NA"
"eva.13202","Fish",46.2666,-125.1333,"NA","NA","NA","Washington","NA","NA"
"eva.13202","Fish",46.25,-125.1,"NA","NA","NA","Washington","NA","NA"
"eva.13202","Fish",46.2833,-125.1666,"NA","NA","NA","Washington","NA","NA"
"eva.13202","Fish",51.5,-131.2,"NA","NA","NA","British Columbia","NA","NA"
"eva.13202","Fish",51.51,-132.2,"NA","NA","NA","British Columbia","NA","NA"
"eva.13202","Fish",51.03,-130.59,"NA","NA","NA","British Columbia","NA","NA"
"eva.13202","Fish",51.55,-131.32,"NA","NA","NA","British Columbia","NA","NA"
"eva.13202","Fish",51.5,-131.3,"NA","NA","NA","British Columbia","NA","NA"
"eva.13202","Fish",51.02,-131.46,"NA","NA","NA","British Columbia","NA","NA"
"eva.13202","Fish",51.36,-131.22,"NA","NA","NA","British Columbia","NA","NA"
"eva.13202","Fish",51.54,-131.3,"NA","NA","NA","British Columbia","NA","NA"
"eva.13202","Fish",51.5,-131.29,"NA","NA","NA","British Columbia","NA","NA"
"eva.13202","Fish",51,-131.45,"NA","NA","NA","British Columbia","NA","NA"
"eva.13202","Fish",51.03,-130.5,"NA","NA","NA","British Columbia","NA","NA"
"eva.13202","Fish",51.42,-131.26,"NA","NA","NA","British Columbia","NA","NA"
"eva.13202","Fish",51.43,-131.25,"NA","NA","NA","British Columbia","NA","NA"
"eva.13202","Fish",51.56,-131.32,"NA","NA","NA","British Columbia","NA","NA"
"eva.13202","Fish",51.46,-131.32,"NA","NA","NA","British Columbia","NA","NA"
"eva.13202","Fish",19.63,-156,"NA","NA","NA","Hawaii","NA","NA"
"eva.13202","Fish",33.583333,-161.566667,"NA","NA","NA","Northwest of Hawaii","NA","NA"
"eva.13202","Fish",33.483333,-161.95,"NA","NA","NA","Northwest of Hawaii","NA","NA"
"eva.13202","Fish",31.983333,-160.683333,"NA","NA","NA","Northwest of Hawaii","NA","NA"
"eva.13202","Fish",31.983333,-160.716667,"NA","NA","NA","Northwest of Hawaii","NA","NA"
"eva.13202","Fish",32,-160.733333,"NA","NA","NA","Northwest of Hawaii","NA","NA"
"eva.13202","Fish",32.133333,-160.733333,"NA","NA","NA","Northwest of Hawaii","NA","NA"
"eva.13202","Fish",32.533333,-160.45,"NA","NA","NA","Northwest of Hawaii","NA","NA"
"eva.13202","Fish",32.866667,-159.233333,"NA","NA","NA","Northwest of Hawaii","NA","NA"
"eva.13202","Fish",32.6,-161.183333,"NA","NA","NA","Northwest of Hawaii","NA","NA"
"eva.13202","Fish",32.6,161.183333,"NA","NA","NA","Northwest of Hawaii","NA","NA"
"eva.13202","Fish",32.633333,-161.15,"NA","NA","NA","Northwest of Hawaii","NA","NA"
"eva.13202","Fish",32.55,-160.016667,"NA","NA","NA","Northwest of Hawaii","NA","NA"
"eva.13202","Fish",32.6,-159.966667,"NA","NA","NA","Northwest of Hawaii","NA","NA"
"eva.13202","Fish",32.033333,-160.5,"NA","NA","NA","Northwest of Hawaii","NA","NA"
"eva.13202","Fish",31.95,-160.283333,"NA","NA","NA","Northwest of Hawaii","NA","NA"
"eva.13202","Fish",31.933333,-160.283333,"NA","NA","NA","Northwest of Hawaii","NA","NA"
"eva.13202","Fish",33.066667,-162.966667,"NA","NA","NA","Northwest of Hawaii","NA","NA"
"eva.13202","Fish",33.066667,-162.95,"NA","NA","NA","Northwest of Hawaii","NA","NA"
"eva.13202","Fish",32.116667,-157.35,"NA","NA","NA","Northwest of Hawaii","NA","NA"
"eva.13202","Fish",32.45,-157.35,"NA","NA","NA","Northwest of Hawaii","NA","NA"
"eva.13202","Fish",32.45,-157.366667,"NA","NA","NA","Northwest of Hawaii","NA","NA"
"eva.13202","Fish",32.5,-157.533333,"NA","NA","NA","Northwest of Hawaii","NA","NA"
"eva.13202","Fish",34.666667,143.55,"NA","NA","NA","Japan","NA","NA"
"eva.13202","Fish",35.083333,143.933333,"NA","NA","NA","Japan","NA","NA"
"eva.13202","Fish",35.266667,142.916667,"NA","NA","NA","Japan","NA","NA"
"eva.13202","Fish",35.016667,142.85,"NA","NA","NA","Japan","NA","NA"
"eva.13202","Fish",35.216667,142.916667,"NA","NA","NA","Japan","NA","NA"
"eva.13202","Fish",35.166667,142.966667,"NA","NA","NA","Japan","NA","NA"
"eva.13202","Fish",16.933333,137.116667,"NA","NA","NA","Philippine Sea","NA","NA"
"eva.13202","Fish",16.916667,137.333333,"NA","NA","NA","Philippine Sea","NA","NA"
"eva.13202","Fish",16.933333,137.333333,"NA","NA","NA","Philippine Sea","NA","NA"
"eva.13202","Fish",16.933333,137.516667,"NA","NA","NA","Philippine Sea","NA","NA"
"eva.13202","Fish",16.933333,137.633333,"NA","NA","NA","Philippine Sea","NA","NA"
"eva.13202","Fish",17.083333,138.083333,"NA","NA","NA","Philippine Sea","NA","NA"
"eva.13202","Fish",17.116667,138.083333,"NA","NA","NA","Philippine Sea","NA","NA"
"eva.13202","Fish",17.166667,138.133333,"NA","NA","NA","Philippine Sea","NA","NA"
"eva.13202","Fish",15.433333,140.9,"NA","NA","NA","Philippine Sea","NA","NA"
"eva.13202","Fish",15.5,140.9,"NA","NA","NA","Philippine Sea","NA","NA"
"eva.13202","Fish",14.983333,140.95,"NA","NA","NA","Philippine Sea","NA","NA"
"eva.13202","Fish",14.916667,140.85,"NA","NA","NA","Philippine Sea","NA","NA"
"eva.13202","Fish",14.833333,140.8,"NA","NA","NA","Philippine Sea","NA","NA"
"eva.13202","Fish",14.8,140.733333,"NA","NA","NA","Philippine Sea","NA","NA"
"eva.13202","Fish",15.183333,140.583333,"NA","NA","NA","Philippine Sea","NA","NA"
"eva.13202","Fish",15.216667,140.633333,"NA","NA","NA","Philippine Sea","NA","NA"
"eva.13202","Fish",15.266667,140.65,"NA","NA","NA","Philippine Sea","NA","NA"
"eva.13202","Fish",15.333333,140.75,"NA","NA","NA","Philippine Sea","NA","NA"
"eva.13202","Fish",15.433333,140.3,"NA","NA","NA","Philippine Sea","NA","NA"
"eva.13202","Fish",16,139.933333,"NA","NA","NA","Philippine Sea","NA","NA"
"eva.13202","Fish",15.95,139.85,"NA","NA","NA","Philippine Sea","NA","NA"
"eva.13202","Fish",15.916667,139.8,"NA","NA","NA","Philippine Sea","NA","NA"
"eva.13202","Fish",15.85,139.766667,"NA","NA","NA","Philippine Sea","NA","NA"
"ece3.6802","Crustacean",-36.577039,174.731909,"NA","NA","HA","Hatfields Beach","NA","NA"
"ece3.6802","Crustacean",-36.620317,174.733969,"NA","NA","ST","Stanmore Bay","NA","NA"
"ece3.6802","Crustacean",-36.714884,174.751892,"NA","NA","BB","Browns Bay","NA","NA"
"ece3.6802","Crustacean",-35.233925,174.163637,"NA","NA","OB","Opito Bay","NA","NA"
"ece3.6802","Crustacean",-37.629744,176.181678,"NA","NA","MM","Mt. Maunganui","NA","NA"
"ece3.6802","Crustacean",-39.147591,177.825889,"NA","NA","MP","Mahia Peninsula","NA","NA"
"ece3.6802","Crustacean",-41.314553,174.829762,"NA","NA","WB","Worser Bay","NA","NA"
"ece3.6802","Crustacean",-42.397841,173.716269,"NA","NA","KK","Kaikoura","NA","NA"
"s12864-020-07084-x","Crustacean",-17.353,146.0527,"60","north Queensland","BB","NA","NA","NA"
"s12864-020-07084-x","Crustacean",-17.5617,146.109,"50","north Queensland","EB","NA","NA","NA"
"s12864-020-07084-x","Crustacean",-19.0821,146.8175,"22","north Queensland","TSV","NA","NA","NA"
"s12864-020-07084-x","Crustacean",-14.9977,138.7808,"35","Northern Territory","GC","NA","NA","NA"
"s12864-020-07084-x","Crustacean",-14.6818,128.3714,"34","Northern Territory","JBG","NA","NA","NA"
"s12864-020-07084-x","Crustacean",-11.8668,131.8315,"56","Northern Territory","TIW","NA","NA","NA"
"s12864-020-07084-x","Crustacean",-20.697,116.8632,"26","Western Australia","NKB","NA","NA","NA"
"mec.15499","Fish",66.14326,65.73127,"40","Arctic","P1","ARC","NA","NA"
"mec.15499","Fish",66.14986,-65.70584,"46","Arctic","P2","ARC","NA","NA"
"mec.15499","Fish",69.2494,-53.5225,"50","Greenland","G1","GRE","NA","NA"
"mec.15499","Fish",64.3011,-51.1833,"45","Greenland","G2","GRE","NA","NA"
"mec.15499","Fish",70.458215,-50.9787,"42","Greenland","G3","GRE","NA","NA"
"mec.15499","Fish",64.733333,-51.1417,"37","Greenland","G4","GRE","NA","NA"
"mec.15499","Fish",58.451653,-62.7961038,"49","Kuururjuaq","K1","NWA","NA","NA"
"mec.15499","Fish",51.4264,-57.1313,"50","Labrador","L13","NWA","NA","NA"
"mec.15499","Fish",51.5258,-56.8336,"48","Labrador","L10","NWA","NA","NA"
"mec.15499","Fish",55.0862,-59.1764,"45","Labrador","L2","NWA","NA","NA"
"mec.15499","Fish",51.3830167,-56.578366,"30","Labrador","L12","NWA","NA","NA"
"mec.15499","Fish",49.482009,-58.125338,"45","Labrador","L14","NWA","NA","NA"
"mec.15499","Fish",53.4694,-55.785,"50","Labrador","L6","NWA","NA","NA"
"mec.15499","Fish",52.558677,-55.766736,"37","Labrador","L8","NWA","NA","NA"
"mec.15499","Fish",54.1799,-58.4288,"45","Labrador","L5","NWA","NA","NA"
"mec.15499","Fish",51.424419,-57.129263,"48","Labrador","L15","NWA","NA","NA"
"mec.15499","Fish",47.38165,-53.46462,"45","Newfoundland","N2","NWA","NA","NA"
"mec.15499","Fish",47.650694,-52.696313,"48","Newfoundland","N4","NWA","NA","NA"
"mec.15499","Fish",49.21850327,-68.1204645,"47","St_Lawrence","S4","NWA","NA","NA"
"mec.15499","Fish",48.31732,-68.871665,"49","St_Lawrence","S6","NWA","NA","NA"
"mec.15499","Fish",48.251333,-64.75547,"47","St_Lawrence","S3","NWA","NA","NA"
"mec.15499","Fish",50.266907,-64.140275,"45","St_Lawrence","S1","NWA","NA","NA"
"mec.15499","Fish",48.984758,-64.368145,"47","St_Lawrence","S2","NWA","NA","NA"
"mec.15499","Fish",47.576732,-70.196932,"49","St_Lawrence","S8","NWA","NA","NA"
"mec.15499","Fish",48.78555556,-67.700833,"47","St_Lawrence","S5","NWA","NA","NA"
"mec.15499","Fish",47.40355,-53.48096,"48","Newfoundland","N3","NWA","NA","NA"
"mec.15499","Fish",55.12708,-59.1085,"19","Labrador","L1","NWA","NA","NA"
"mec.15499","Fish",54.9082,-59.7725,"20","Labrador","L4","NWA","NA","NA"
"mec.15499","Fish",52.3692,-55.6845,"48","Labrador","L11","NWA","NA","NA"
"mec.15499","Fish",52.7715,-56.1193,"45","Labrador","L7","NWA","NA","NA"
"mec.15499","Fish",51.6286,-56.7071,"48","Labrador","L9","NWA","NA","NA"
"MF19172","Gastropod",-11.82763,130.371853,"NA","Coastal","NA","Bathurst Is. North","NA","NA"
"MF19172","Gastropod",-11.625871,143.686527,"NA","Coastal","NA","Bowles Reef","NA","NA"
"MF19172","Gastropod",-16.090698,123.529275,"NA","Coastal","NA","Irvine Island","NA","NA"
"MF19172","Gastropod",-16.058782,123.365961,"NA","Coastal","NA","Frazer Island","NA","NA"
"MF19172","Gastropod",-16.072182,123.321739,"NA","Coastal","NA","Barrett Rock","NA","NA"
"MF19172","Gastropod",-16.058675,123.401511,"NA","Coastal","NA","Longitude Island","NA","NA"
"MF19172","Gastropod",-16.13271,123.3134,"NA","Coastal","NA","Asshlyn Island","NA","NA"
"MF19172","Gastropod",-16.50912,123.416319,"NA","Coastal","NA","Pope Rock","NA","NA"
"MF19172","Gastropod",-16.309753,123.301393,"NA","Coastal","NA","Tide Rip Island","NA","NA"
"MF19172","Gastropod",-16.310744,123.30208,"NA","Coastal","NA","Jalan","NA","NA"
"MF19172","Gastropod",-16.402209,123.118303,"NA","Coastal","NA","Janinko","NA","NA"
"MF19172","Gastropod",-16.42933,123.2063,"NA","Coastal","NA","Ngoorroodool","NA","NA"
"MF19172","Gastropod",-16.42933,123.128983,"NA","Coastal","NA","Noyon","NA","NA"
"MF19172","Gastropod",-16.434178,123.359027,"NA","Coastal","NA","Mermaid Island","NA","NA"
"MF19172","Gastropod",-16.464798,123.058382,"NA","Coastal","NA","Ardinoogoon","NA","NA"
"MF19172","Gastropod",-17.334805,119.164263,"NA","Oceanic","NA","Rowley Shoals","NA","NA"
"MF19172","Gastropod",-14.00133,121.835564,"NA","Oceanic","NA","Scott Reef","NA","NA"
"fmars.2020.00374","Fish",40.26,121.16,"NA","Bohai Sea","LDW","liaodong Bay","NA","NA"
"fmars.2020.00374","Fish",39.51,119.96,"NA","Bohai Sea","QHD","Qinhuangdao","NA","NA"
"fmars.2020.00374","Fish",38.68,119.45,"NA","Bohai Sea","BHW","Bohai Bay","NA","NA"
"fmars.2020.00374","Fish",38,120.18,"NA","Bohai Sea","LZW","Laizhou Bay","NA","NA"
"fmars.2020.00374","Fish",38.77,121.52,"NA","Bohai Sea","DL","Dalian","NA","NA"
"fmars.2020.00374","Fish",36.47,122.02,"NA","Bohai Sea","RS","Rushan","NA","NA"
"fmars.2020.00374","Fish",35.51,121.04,"NA","North Yellow Sea","HZW","Haizhou Bay","NA","NA"
"fmars.2020.00374","Fish",36.86,123.82,"NA","North Yellow Sea","NYS","North Yellow Sea","NA","NA"
"fmars.2020.00374","Fish",35.03,123.42,"NA","North Yellow Sea","MYS","Middle Yellow Sea","NA","NA"
"fmars.2020.00374","Fish",32.49,124.82,"NA","North East China","SYS","South Yellow","NA","NA"
"fmars.2020.00374","Fish",31.03,125.82,"NA","North East China","NECS","North East China Sea","NA","NA"
"fmars.2020.00374","Fish",31.54,122.78,"NA","North East China","YRE","Yangtze River Estuary","NA","NA"
"fmars.2020.00374","Fish",24.71,121.86,"NA","Taiwan","YL","Yilan","NA","NA"
"fmars.2020.00374","Fish",23.6,119.56,"NA","Taiwan","PH","Penghu","NA","NA"
"fmars.2020.00374","Fish",36.49,136.97,"NA","Japan","TDR","Ishikawa (off Tedori River)","NA","NA"
"fmars.2020.00374","Fish",37.06,136.97,"NA","Japan","NNC","Ishikawa (NaNao City)","NA","NA"
"fmars.2020.00374","Fish",33.23,132.5,"NA","Japan","EHM","Ehime","NA","NA"
"fmars.2020.00374","Fish",34.92,138.4,"NA","Japan","SZO","Shizouka","NA","NA"
"fmars.2020.00374","Fish",35.58,139.96,"NA","Japan","CHB","Chiba","NA","NA"
"fmars.2020.00374","Fish",38.32,141.1,"NA","Japan","MYG","Miyagi","NA","NA"
"eva.12905","Bivalve",33.08,139.76,"7","Hachijo","JPN_01","Hachijo Island, Japan","NA","NA"
"eva.12905","Bivalve",34.8,138.73,"6","Nishiizu","JPN_02","Honshu, Japan","NA","NA"
"eva.12905","Bivalve",34.99,138.6,"7","Shimizu","JPN_03","Honshu, Japan","NA","NA"
"eva.12905","Bivalve",37.17,136.97,"7","Anamizu","JPN_04","Honshu, Japan","NA","NA"
"eva.12905","Bivalve",35.73,136.06,"5","Tsuruga","JPN_05","Honshu, Japan","NA","NA"
"eva.12905","Bivalve",35.5,135.54,"7","Takahama","JPN_06","Honshu, Japan","NA","NA"
"eva.12905","Bivalve",34.28,136.8,"7","Shima","JPN_07","Honshu, Japan","NA","NA"
"eva.12905","Bivalve",34,136.28,"7","Kuki","JPN_08","Honshu, Japan","NA","NA"
"eva.12905","Bivalve",33.7,135.34,"8","Tanabe","JPN_09","Honshu, Japan","NA","NA"
"eva.12905","Bivalve",33.53,135.48,"7","Susami","JPN_10","Honshu, Japan","NA","NA"
"eva.12905","Bivalve",36.19,133.36,"8","Oki","JPN_11","Oki Island, Japan","NA","NA"
"eva.12905","Bivalve",34.33,130.86,"7","Shimonoseki","JPN_12","Honshu, Japan","NA","NA"
"eva.12905","Bivalve",32.89,132.66,"8","Sukumo","JPN_13","Shikoku, Japan","NA","NA"
"eva.12905","Bivalve",34.33,129.28,"6","Tsushima","JPN_14","Tsushima Island, Japan","NA","NA"
"eva.12905","Bivalve",32.88,129.93,"8","Ohmura","JPN_15","Kyushu, Japan","NA","NA"
"eva.12905","Bivalve",32.58,129.75,"7","Nomozaki","JPN_16","Kyushu, Japan","NA","NA"
"eva.12905","Bivalve",31.86,129.86,"6","Kamikoshiki","JPN_17","Kamikoshiki Island, Japan","NA","NA"
"eva.12905","Bivalve",28.18,129.26,"8","Amami","NAN_18","Nansei Islands, Japan","NA","NA"
"eva.12905","Bivalve",26.2,127.29,"4","Zamami","NAN_19","Nansei Islands, Japan","NA","NA"
"eva.12905","Bivalve",24.44,124.12,"8","Ishigaki","NAN_20","Nansei Islands, Japan","NA","NA"
"eva.12905","Bivalve",24.33,123.74,"8","Iriomote","NAN_21","Nansei Islands, Japan","NA","NA"
"eva.12905","Bivalve",NA,NA,"7","China","CHN","Guangdong, China","NA","NA"
"eva.12905","Bivalve",NA,NA,"6","Cambodia","KHM","Cambodia","NA","NA"
"eva.12905","Bivalve",NA,NA,"4","Myanmar","MMR","Myanmar","NA","NA"
"FSAA113","Fish",51.54,-5.42,"19","NA","CSBC","Bristol Channel","NA","NA"
"FSAA113","Fish",50.58,-7.13,"24","NA","CSIS","Scilly Isles","NA","NA"
"FSAA113","Fish",48.73,-5.07,"22","NA","WCF","Western Channel","NA","NA"
"FSAA113","Fish",50.54,-3.23,"23","NA","WCE","Western English Channel","NA","NA"
"FSAA113","Fish",50.51,-1.73,"24","NA","EC","Eastern English Channel","NA","NA"
"FSAA113","Fish",54.8,1.27,"19","NA","NSE","Flamborough Head","NA","NA"
"FSAA113","Fish",57.04,-1.76,"19","NA","NSS","NE Scotland","NA","NA"
"FSAA113","Fish",51.81,3.61,"18","NA","NSNL","Dutch Coast","NA","NA"
"FSAA113","Fish",56.5,6.95,"18","NA","NSD","Denmark","NA","NA"
"FSAA113","Fish",57.63,11.71,"18","NA","SKKT","Skagerrak","NA","NA"
"FSAA113","Fish",54.4,12.16,"24","NA","BAW","Baltic","NA","NA"
"ece3.4936","Fish",31.216903,-81.312948,"MAT_221","Atlantic","NA","HAR","NA","NA"
"ece3.4936","Fish",31.2538606,-81.330563,"MAT_224","Atlantic","NA","HAR","NA","NA"
"ece3.4936","Fish",31.2424476,-81.324251,"MAT_225","Atlantic","NA","HAR","NA","NA"
"ece3.4936","Fish",31.2657249,-81.319616,"MAT_230","Atlantic","NA","HAR","NA","NA"
"ece3.4936","Fish",31.2789091,-81.318353,"MAT_231","Atlantic","NA","HAR","NA","NA"
"ece3.4936","Fish",31.2882001,-81.320269,"MAT_236","Atlantic","NA","HAR","NA","NA"
"ece3.4936","Fish",31.2424476,-81.324251,"MAT_237","Atlantic","NA","HAR","NA","NA"
"ece3.4936","Fish",32.8036667,-79.973833,"MAT_263","Atlantic","NA","SCA","NA","NA"
"ece3.4936","Fish",32.8391666,-79.988667,"MAT_264","Atlantic","NA","SCA","NA","NA"
"ece3.4936","Fish",32.8086667,-79.965,"MAT_270","Atlantic","NA","SCA","NA","NA"
"ece3.4936","Fish",32.92016,-80.14514,"MAT_279","Atlantic","NA","SCA","NA","NA"
"ece3.4936","Fish",32.91083,-80.1361,"MAT_282","Atlantic","NA","SCA","NA","NA"
"ece3.4936","Fish",32.7615,-79.9465,"MAT_284","Atlantic","NA","SCA","NA","NA"
"ece3.4936","Fish",32.7738333,-79.864667,"MAT_293","Atlantic","NA","SCA","NA","NA"
"ece3.4936","Fish",32.7531666,-79.899833,"MAT_295","Atlantic","NA","SCA","NA","NA"
"ece3.4936","Fish",32.7556667,-79.931833,"MAT_305","Atlantic","NA","SCA","NA","NA"
"ece3.4936","Fish",32.7573333,-79.937167,"MAT_306","Atlantic","NA","SCA","NA","NA"
"ece3.4936","Fish",32.77297,-79.84208,"MAT_307","Atlantic","NA","SCA","NA","NA"
"ece3.4936","Fish",32.7753333,-79.913333,"MAT_309","Atlantic","NA","SCA","NA","NA"
"ece3.4936","Fish",32.7541667,-79.926667,"MAT_337","Atlantic","NA","SCA","NA","NA"
"ece3.4936","Fish",29.2254667,-83.08475,"MAT_338","Northeastern","NA","CEK","NA","NA"
"ece3.4936","Fish",29.28785,-83.144067,"MAT_341","Northeastern","NA","CEK","NA","NA"
"ece3.4936","Fish",29.21985,-83.0766,"MAT_342","Northeastern","NA","CEK","NA","NA"
"ece3.4936","Fish",29.2315833,-83.059433,"MAT_344","Northeastern","NA","CEK","NA","NA"
"ece3.4936","Fish",29.1479167,-83.071333,"MAT_353","Northeastern","NA","CEK","NA","NA"
"ece3.4936","Fish",29.2832833,-83.164667,"MAT_354","Northeastern","NA","CEK","NA","NA"
"ece3.4936","Fish",29.2868667,-83.080733,"MAT_356","Northeastern","NA","CEK","NA","NA"
"ece3.4936","Fish",29.2693167,-83.081683,"MAT_358","Northeastern","NA","CEK","NA","NA"
"ece3.4936","Fish",29.2692167,-83.107567,"MAT_362","Northeastern","NA","CEK","NA","NA"
"ece3.4936","Fish",29.1599167,-83.0625,"MAT_365","Northeastern","NA","CEK","NA","NA"
"ece3.4936","Fish",29.3386,-83.171533,"MAT_370","Northeastern","NA","CEK","NA","NA"
"ece3.4936","Fish",29.3040667,-83.171233,"MAT_376","Northeastern","NA","CEK","NA","NA"
"ece3.4936","Fish",29.2928,-83.166633,"MAT_385","Northeastern","NA","CEK","NA","NA"
"ece3.4936","Fish",29.3064,-83.173867,"MAT_386","Northeastern","NA","CEK","NA","NA"
"ece3.4936","Fish",29.2692167,-83.107483,"MAT_387","Northeastern","NA","CEK","NA","NA"
"ece3.4936","Fish",29.2753167,-83.0903,"MAT_388","Northeastern","NA","CEK","NA","NA"
"ece3.4936","Fish",26.8219167,-82.170517,"MAT_393","Northeastern","NA","CHA","NA","NA"
"ece3.4936","Fish",26.9642333,-82.214833,"MAT_394","Northeastern","NA","CHA","NA","NA"
"ece3.4936","Fish",26.9989833,-82.25535,"MAT_403","Northeastern","NA","CHA","NA","NA"
"ece3.4936","Fish",26.8034167,-82.188317,"MAT_415","Northeastern","NA","CHA","NA","NA"
"ece3.4936","Fish",26.7815,-82.161233,"MAT_418","Northeastern","NA","CHA","NA","NA"
"ece3.4936","Fish",26.9565833,-82.224867,"MAT_419","Northeastern","NA","CHA","NA","NA"
"ece3.4936","Fish",26.9942833,-82.252033,"MAT_420","Northeastern","NA","CHA","NA","NA"
"ece3.4936","Fish",26.9701333,-82.014117,"MAT_433","Northeastern","NA","CHA","NA","NA"
"ece3.4936","Fish",26.9735333,-82.183,"MAT_435","Northeastern","NA","CHA","NA","NA"
"ece3.4936","Fish",NA,-82.014117,"MAT_437","Northeastern","NA","CHA","NA","NA"
"ece3.4936","Fish",26.9374,-82.185833,"MAT_440","Northeastern","NA","CHA","NA","NA"
"ece3.4936","Fish",26.93925,-82.188783,"MAT_443","Northeastern","NA","CHA","NA","NA"
"ece3.4936","Fish",26.8198667,-82.246033,"MAT_452","Northeastern","NA","CHA","NA","NA"
"ece3.4936","Fish",26.9629667,-81.999033,"MAT_453","Northeastern","NA","CHA","NA","NA"
"ece3.4936","Fish",26.95845,-82.011867,"MAT_465","Northeastern","NA","CHA","NA","NA"
"ece3.4936","Fish",26.95435,-82.094983,"MAT_466","Northeastern","NA","CHA","NA","NA"
"ece3.4936","Fish",26.8221333,-82.060333,"MAT_467","Northeastern","NA","CHA","NA","NA"
"ece3.4936","Fish",26.9436167,-82.13935,"MAT_469","Northeastern","NA","CHA","NA","NA"
"ece3.4936","Fish",26.96685,-82.120267,"MAT_470","Northeastern","NA","CHA","NA","NA"
"ece3.4936","Fish",26.6783,-82.089467,"SAB_288","Northeastern","NA","CHA","NA","NA"
"ece3.4936","Fish",28.3499167,-80.670833,"SAB_293","Atlantic","NA","IND","NA","NA"
"ece3.4936","Fish",27.8961667,-80.501367,"SAB_299","Atlantic","NA","IND","NA","NA"
"ece3.4936","Fish",27.7467833,-80.425733,"SAB_313","Atlantic","NA","IND","NA","NA"
"ece3.4936","Fish",28.4360333,-80.601383,"SAB_323","Atlantic","NA","IND","NA","NA"
"ece3.4936","Fish",28.6023167,-80.602033,"SAB_331","Atlantic","NA","IND","NA","NA"
"ece3.4936","Fish",28.2082833,-80.641433,"SAB_336","Atlantic","NA","IND","NA","NA"
"ece3.4936","Fish",27.9945667,-80.641433,"SAB_338","Atlantic","NA","IND","NA","NA"
"ece3.4936","Fish",28.2090833,-80.640833,"SAB_341","Atlantic","NA","IND","NA","NA"
"ece3.4936","Fish",27.8206667,-80.459117,"SAB_343","Atlantic","NA","IND","NA","NA"
"ece3.4936","Fish",28.3834667,-80.662833,"SAB_344","Atlantic","NA","IND","NA","NA"
"ece3.4936","Fish",28.1316667,-80.62435,"SAB_347","Atlantic","NA","IND","NA","NA"
"ece3.4936","Fish",28.0277833,-80.575267,"SAB_349","Atlantic","NA","IND","NA","NA"
"ece3.4936","Fish",28.7796833,-80.778383,"SAB_374","Atlantic","NA","IND","NA","NA"
"ece3.4936","Fish",27.9479667,-80.533767,"SAB_377","Atlantic","NA","IND","NA","NA"
"ece3.4936","Fish",28.0183167,-80.567183,"SAB_378","Atlantic","NA","IND","NA","NA"
"ece3.4936","Fish",28.8916833,-80.567183,"SAB_394","Atlantic","NA","IND","NA","NA"
"ece3.4936","Fish",29.7787167,-84.873167,"SAB_433","Northeastern","NA","APA","NA","NA"
"ece3.4936","Fish",29.7787167,-84.873167,"SAB_437","Northeastern","NA","APA","NA","NA"
"ece3.4936","Fish",29.7864167,-84.8721,"SAB_441","Northeastern","NA","APA","NA","NA"
"ece3.4936","Fish",29.7604167,-84.888967,"SAB_450","Northeastern","NA","APA","NA","NA"
"ece3.4936","Fish",29.6905833,-85.207767,"SAB_455","Northeastern","NA","APA","NA","NA"
"ece3.4936","Fish",29.70425,-85.1676,"SAB_456","Northeastern","NA","APA","NA","NA"
"ece3.4936","Fish",29.8510833,-84.6399,"SAB_458","Northeastern","NA","APA","NA","NA"
"ece3.4936","Fish",29.77205,-84.878333,"SAB_459","Northeastern","NA","APA","NA","NA"
"ece3.4936","Fish",29.7220333,-84.890167,"SAB_464","Northeastern","NA","APA","NA","NA"
"ece3.4936","Fish",29.7649333,-84.886917,"SAB_467","Northeastern","NA","APA","NA","NA"
"ece3.4936","Fish",29.6192833,-85.082583,"WAS_001","Northeastern","NA","APA","NA","NA"
"ece3.4936","Fish",29.7843667,-84.888233,"WAS_002","Northeastern","NA","APA","NA","NA"
"rsob190028","Fish",36.7166666666667,121.65,"20","China","RS","Rushan, Yellow Sea","NA","NA"
"rsob190028","Fish",30.05,122.35,"20","China","ZS","Zhoushan, East China Sea","NA","NA"
"rsob190028","Fish",24.3666666666667,118.216666666667,"10","China","XM","Xiamen, East China Sea","NA","NA"
"rsob190028","Fish",22.2666666666667,113.6,"10","China","ZH","Zhuhai, South China Sea","NA","NA"
"rsob190028","Fish",21.5,108.35,"20","China","FCG","Fangchenggang, South China Sea","NA","NA"
"rsob190028","Fish",37.95,138.083333333333,"10","Japan","NI","Niigata, Sea of Japan","NA","NA"
"rsob190028","Fish",33.45,133.566666666667,"10","Japan","KO","Kochi, Pacific Ocean","NA","NA"
"rsob190028","Fish",35.2833333333333,139.716666666667,"10","Japan","YO","Yokosuka, Pacific Ocean","NA","NA"
"rsob190028","Fish",35.55,134.2,"10","Japan","TO","Tottori, Sea of Japan","NA","NA"
"rsob190028","Fish",33.7833333333333,129.633333333333,"10","Japan","IK","Iki Island, Sea of Japan","NA","NA"
"s12864-018-4721-y(1)","Echinoderm",-29.256,16.866,"40","NA","PN","Port Nollot","NA","NA"
"s12864-018-4721-y(1)","Echinoderm",-30.327,17.271,"40","NA","HB","Hondeklipbaii","NA","NA"
"s12864-018-4721-y(1)","Echinoderm",-31.28,17.875,"40","NA","BB","Brandsebaai","NA","NA"
"s12864-018-4721-y(1)","Echinoderm",-32.104,18.298,"40","NA","LB","Lamberstbaai","NA","NA"
"s12864-018-4721-y(1)","Echinoderm",-32.973,17.881,"40","NA","JB","Jacobsbaai","NA","NA"
"s12864-018-4721-y(1)","Echinoderm",-33.913,18.384,"40","NA","SP","Sea Point","NA","NA"
"s12864-018-4721-y(2)","Gastropod",-29.256,16.866,"40","NA","PN","Port Nollot","NA","NA"
"s12864-018-4721-y(2)","Gastropod",-30.327,17.271,"40","NA","HB","Hondeklipbaii","NA","NA"
"s12864-018-4721-y(2)","Gastropod",-31.28,17.875,"40","NA","BB","Brandsebaai","NA","NA"
"s12864-018-4721-y(2)","Gastropod",-32.104,18.298,"40","NA","LB","Lamberstbaai","NA","NA"
"s12864-018-4721-y(2)","Gastropod",-32.973,17.881,"40","NA","JB","Jacobsbaai","NA","NA"
"s12864-018-4721-y(2)","Gastropod",-33.913,18.384,"40","NA","SP","Sea Point","NA","NA"
"ece3.3846","Bivalve",47.82,-53.87,"20","NA","SUN","NA","NA","NA"
"ece3.3846","Bivalve",47.15,-55.1,"21","NA","LTB","NA","NA","NA"
"ece3.3846","Bivalve",47.11,-62.02,"21","NA","MGD","NA","NA","NA"
"ece3.3846","Bivalve",46.13,-63.77,"22","NA","NTS","NA","NA","NA"
"ece3.3846","Bivalve",45.06,-67.02,"12","NA","PSB","NA","NA","NA"
"ece3.3846","Bivalve",44.68,-66.07,"22","NA","BOF","NA","NA","NA"
"ece3.3846","Bivalve",44.52,-60.64,"19","NA","SSM","NA","NA","NA"
"ece3.3846","Bivalve",44.52,-67.03,"20","NA","GMI","NA","NA","NA"
"ece3.3846","Bivalve",42.84,-66.14,"22","NA","SSB","NA","NA","NA"
"ece3.3846","Bivalve",42.44,-70.39,"22","NA","GMO","NA","NA","NA"
"ece3.3846","Bivalve",NA,NA,NA,"NA","","NA","NA","NA"
"eva.12432","Bivalve",47.82,-53.87,"20","NA","SUN","NA","NA","NA"
"eva.12432","Bivalve",47.15,-55.1,"21","NA","LTB","NA","NA","NA"
"eva.12432","Bivalve",47.11,-62.02,"21","NA","MGD","NA","NA","NA"
"eva.12432","Bivalve",46.13,-63.77,"22","NA","NTS","NA","NA","NA"
"eva.12432","Bivalve",45.06,-67.02,"12","NA","PSB","NA","NA","NA"
"eva.12432","Bivalve",44.68,-66.07,"22","NA","BOF","NA","NA","NA"
"eva.12432","Bivalve",44.52,-60.64,"19","NA","SSM","NA","NA","NA"
"eva.12432","Bivalve",44.52,-67.03,"20","NA","GMI","NA","NA","NA"
"eva.12432","Bivalve",42.84,-66.14,"22","NA","SSB","NA","NA","NA"
"eva.12432","Bivalve",42.44,-70.39,"22","NA","GMO","NA","NA","NA"
"eva.12432","Bivalve",NA,NA,NA,"NA","","NA","NA","NA"
"fsx160","Fish",55.65,10.76,"40","NA","STO ","NA","NA","NA"
"fsx160","Fish",57.16,11.65,"40","NA","KAT ","NA","NA","NA"
"fsx160","Fish",57.78,9.99,"40","NA","SKA ","NA","NA","NA"
"fsx160","Fish",54.52,7.89,"40","NA","GER ","NA","NA","NA"
"fsx160","Fish",52.92,2.24,"28","NA","NOR ","NA","NA","NA"
"fsx160","Fish",51.39,3.17,"40","NA","BEL8 ","NA","NA","NA"
"fsx160","Fish",51.22,2.83,"24","NA","BEL9 ","NA","NA","NA"
"fsx160","Fish",51.47,1.33,"40","NA","THA ","NA","NA","NA"
"fsx160","Fish",50.78,1.48,"40","NA","ECH ","NA","NA","NA"
"fsx160","Fish",49.66,-2.13,"40","NA","WCH ","NA","NA","NA"
"fsx160","Fish",45.92,-1.69,"40","NA","GAS ","NA","NA","NA"
"fsx160","Fish",43.55,-1.57,"39","NA","SJL ","NA","NA","NA"
"fsx160","Fish",43.6,-8.86,"40","NA","SPA ","NA","NA","NA"
"fsx160","Fish",42.14,-9.28,"40","NA","POR ","NA","NA","NA"
"fsx160","Fish",38.35,-9.35,"39","NA","LIS ","NA","NA","NA"
"fsx160","Fish",52.21,-5.33,"40","NA","IS ","NA","NA","NA"
"fsx160","Fish",50.81,-5.01,"40","NA","CS ","NA","NA","NA"
"s10126-017-9786-0","Fish",38.9166666666667,117.983333333333,"20","NA","TJ","NA","NA","NA"
"s10126-017-9786-0","Fish",37.5166666666667,121.566666666667,"19","NA","YT","NA","NA","NA"
"s10126-017-9786-0","Fish",36.7166666666667,122.033333333333,"20","NA","WD","NA","NA","NA"
"s10126-017-9786-0","Fish",34.85,119.433333333333,"16","NA","LYG","NA","NA","NA"
"s10126-017-9786-0","Fish",32.1333333333333,121.9,"19","NA","LS","NA","NA","NA"
"s10126-017-9786-0","Fish",29.9166666666667,122.633333333333,"14","NA","ZS","NA","NA","NA"
"s10126-017-9786-0","Fish",27.85,121.333333333333,"20","NA","WZ","NA","NA","NA"
"s10126-017-9786-0","Fish",23.25,116.916666666667,"17","NA","ST","NA","NA","NA"
"s10126-017-9786-0","Fish",21.05,110.75,"20","NA","ZJ","NA","NA","NA"
"s10126-017-9786-0","Fish",20.6833333333333,109.666666666667,"20","NA","HK","NA","NA","NA"
"s10126-017-9786-0","Fish",21.35,109.333333333333,"16","NA","TSG","NA","NA","NA"
"s10126-017-9786-0","Fish",21.4,108.366666666667,"18","NA","FCG","NA","NA","NA"
"s12915-015-0130-8","Fish",55.7013888888889,12.5986111111111,"36","Kattegat","COP","Copenhagen","NA","NA"
"s12915-015-0130-8","Fish",60.4025,18.1847222222222,"36","Bothnian Sea","FOR","Forsmark","NA","NA"
"s12915-015-0130-8","Fish",56.1702777777778,15.4094444444444,"36","Baltic Proper","KAR","Karlskrona","NA","NA"
"s12915-015-0130-8","Fish",62.3838888888889,25.9144444444444,"36","Bothnian Sea","KAS","Kaskinen","NA","NA"
"s12915-015-0130-8","Fish",53.8705555555556,14.2841666666667,"36","Karsibor","KBOR","Karsibor","NA","NA"
"s12915-015-0130-8","Fish",59.5494444444444,26.5969444444444,"36","Gulf of Finland","LET","Letipea","NA","NA"
"s12915-015-0130-8","Fish",56.6494444444444,9.95138888888889,"36","Kattegat","MAR","Mariager Fjord","NA","NA"
"s12915-015-0130-8","Fish",58.6511111111111,17.1005555555556,"36","Baltic Proper","NYK","Nyköping","NA","NA"
"s12915-015-0130-8","Fish",60.0538888888889,29.9711111111111,"36","Gulf of Finland","PET","Petergofa","NA","NA"
"s12915-015-0130-8","Fish",64.4783333333333,24.2202777777778,"36","Bothnian Bay","PJM","Pyhäjoki","NA","NA"
"ece3.2872","Crustacean",48.492,-58.658,"22","NA","SGB","St. George's Bay, NL","NA","NA"
"ece3.2872","Crustacean",47.102,-54.184,"22","NA","PLB","Placentia Bay, NL","NA","NA"
"ece3.2872","Crustacean",47.473,-61.738,"22","NA","BDB","Baie de Bassin, QC","NA","NA"
"ece3.2872","Crustacean",46.141,-60.202,"22","NA","SYH","Sydney Harbour, NS","NA","NA"
"ece3.2872","Crustacean",46.069,-61.391,"22","NA","MBO","Mabou, NS","NA","NA"
"ece3.2872","Crustacean",46.192,-62.588,"22","NA","BRN","Brudenell River, PE","NA","NA"
"ece3.2872","Crustacean",44.658,-63.442,"22","NA","CLH","Cole Harbour, NS","NA","NA"
"ece3.2872","Crustacean",43.84,-64.805,"21","NA","KJI","Kejimkujik, NS","NA","NA"
"ece3.2872","Crustacean",44.888,-66.918,"22","NA","CBI","Campobello Island, NB","NA","NA"
"ece3.2872","Crustacean",43.04,-70.71,"22","NA","NWH","New Hampshire","NA","NA"
"ece3.2872","Crustacean",39.588,-74.288,"22","NA","TKT","Tuckerton, NJ","NA","NA"
"pnas.1617728114","Fish",65.8666666666667,22.7166666666667,"47","NA","BK","Gulf of Bothnia (Kalix)","NA","NA"
"pnas.1617728114","Fish",61.75,17.5,"100","NA","BU","Bothnian Sea (Hudiksvall)","NA","NA"
"pnas.1617728114","Fish",60.7166666666667,17.3,"100","NA","BÄV","Bothnian Sea (Gävle)","NA","NA"
"pnas.1617728114","Fish",60.7166666666667,17.3,"100","NA","BÄS","Bothnian Sea (Gävle)","NA","NA"
"pnas.1617728114","Fish",60.7333333333333,17.5833333333333,"100","NA","BÄH","Bothnian Sea (Gävle)","NA","NA"
"pnas.1617728114","Fish",60.5833333333333,17.8,"50","NA","BH","Bothnian Sea (Hästskär)","NA","NA"
"pnas.1617728114","Fish",59.4333333333333,18.3,"50","NA","BV","Central Baltic Sea (Vaxholm)","NA","NA"
"pnas.1617728114","Fish",57.8333333333333,16.45,"49","NA","BG","Central Baltic Sea (Gamleby)","NA","NA"
"pnas.1617728114","Fish",57.65,17.1166666666667,"100","NA","BR","Central Baltic Sea (Kalmar)","NA","NA"
"pnas.1617728114","Fish",56.1666666666667,15.55,"100","NA","BA","Central Baltic Sea (Karlskrona)","NA","NA"
"pnas.1617728114","Fish",55.4,15.85,"100","NA","BC","Central Baltic Sea","NA","NA"
"pnas.1617728114","Fish",54.8333333333333,11.5,"50","NA","BF","Southern Baltic Sea (Fehmarn)","NA","NA"
"pnas.1617728114","Fish",57.05,12.1833333333333,"50","NA","KT","Kattegat (Träslövs.läge)","NA","NA"
"pnas.1617728114","Fish",57.7166666666667,11.7,"100","NA","KB","Kattegat (Björköfjorden)","NA","NA"
"pnas.1617728114","Fish",58.3166666666667,11.35,"100","NA","SB","Skagerrak (Brofjorden)","NA","NA"
"pnas.1617728114","Fish",58.5,11.2166666666667,"49","NA","SH","Skagerrak (Hamburgsund)","NA","NA"
"pnas.1617728114","Fish",58.1,6.16666666666667,"49","NA","NS","North Sea","NA","NA"
"pnas.1617728114","Fish",64.8666666666667,10.25,"49","NA","AB1","Atlantic Ocean (Bergen)","NA","NA"
"pnas.1617728114","Fish",60.5833333333333,5,"8","NA","AB2","Atlantic Ocean (Bergen)","NA","NA"
"pnas.1617728114","Fish",65.8166666666667,-12.9666666666667,"100","NA","AI","Atlantic Ocean (Höfn)","NA","NA"
"pnas.1617728114","Fish",48.8166666666667,-53.3333333333333,"49","NA","WBoB","Bonavista Bay","NA","NA"
"pnas.1617728114","Fish",47.2833333333333,-55.6333333333333,"50","NA","WFB","Fortune Bay","NA","NA"
"pnas.1617728114","Fish",48,-65.85,"41","NA","WInB","Inner Baie Des Chaleurs","NA","NA"
"pnas.1617728114","Fish",46.3166666666667,-64.15,"49","NA","WNsS","Northumberland Strait","NA","NA"
"pnas.1617728114","Fish",45.7333333333333,-62.6,"50","NA","WNsF","Northumberland Strait","NA","NA"
"pnas.1617728114","Fish",43.2666666666667,-66.3,"48","NA","WGeB","German Banks","NA","NA"
"peerj.9722","Gastropod",29.02,-118.206,"NA","1","GI","Guadalupe Island","NA","NA"
"peerj.9722","Gastropod",29.79,-115.7901,"NA","2","SJI","San Jeronimo Island","NA","NA"
"peerj.9722","Gastropod",29.344,-114.967,"NA","2","FSJ","Faro San Jose","NA","NA"
"peerj.9722","Gastropod",28.117,-115.171,"NA","3","CI","Cedros Island","NA","NA"
"peerj.9722","Gastropod",27.8579,-115.038,"NA","3","PE","Punta Eugenia","NA","NA"
"peerj.9722","Gastropod",27.81121,-115.051,"NA","3","TN","Tortugas North","NA","NA"
"peerj.9722","Gastropod",27.6856,-114.887,"NA","3","TS","Tortugas South","NA","NA"
"peerj.9722","Gastropod",27.1388,-114.2921,"NA","3","AN","Asuncion North","NA","NA"
"peerj.9722","Gastropod",26.9802,-113.9639,"NA","3","AS","Asuncion South","NA","NA"
"peerj.9722","Gastropod",26.799,-113.735,"NA","3","Bo","Bocana","NA","NA"
"fsab098","Gastropod",29.02,-118.206,"20","1","GI","Guadalupe Island","0.1274","signif"
"fsab098","Gastropod",29.79,-115.7901,"20","1","SJI","San Jeronimo Island","0.1323","signif"
"fsab098","Gastropod",29.344,-114.967,"20","1","FSJ","Faro San Jose","0.2324","signif"
"fsab098","Gastropod",28.117,-115.171,"20","1","CI","Cedros Island","0.2623","signif"
"fsab098","Gastropod",27.8579,-115.038,"20","2","PE","Punta Eugenia","-8e-04","no"
"fsab098","Gastropod",27.87774,-115.173795,"24","2","NI","Isla Natividad","0.005","no"
"fsab098","Gastropod",27.53327,-114.74277,"20","2","PUE","Puerto Escondido","0.0368","no"
"fsab098","Gastropod",26.9802,-113.9639,"20","2","BA","Asuncion South","0.0149","no"
"fsab098","Gastropod",26.799,-113.735,"8","2","LB","Bocana","0.0583","no"
"fsab098","Gastropod",26.255221,-112.475796,"20","2","SJ","San Juanico","0","no"
"mec.16080","Gastropod",37.7470055555556,-0.733333333333333,"30","NA","CDE","Canal del Estacio (Murcia, Spain)","NA","NA"
"mec.16080","Gastropod",39.5107777777778,-0.316666666666667,"34","NA","PSA","Port Saplaya (Valencia, Spain)","NA","NA"
"mec.16080","Gastropod",40.9583166666667,0.866666666666667,"23","NA","GES","Cala de Gestell (Tarragona, Spain)","NA","NA"
"mec.16080","Gastropod",38.7275,1.4,"30","NA","EST","Estany des Peix (Formentera, Spain)","NA","NA"
"mec.16080","Gastropod",39.3118222222222,2.98333333333333,"21","NA","JOR","Colònia Sant Jordi (Mallorca, Spain)","NA","NA"
"mec.16080","Gastropod",43.1282777777778,5.75,"13","NA","BEN","Isla de Bendor (Marseille, France)","NA","NA"
"mec.16080","Gastropod",38.209225,13.2666666666667,"30","NA","GAL","Capo Gallo (Sicily, Italy)","NA","NA"
"mec.16080","Gastropod",40.2030555555556,17.9166666666667,"34","NA","POC","Porto Cesareo (Apulia, Italy)","NA","NA"
"mec.16080","Gastropod",40.3033333333333,18.4,"29","NA","OTR","San Foca, Otranto (Apulia, Italy)","NA","NA"
"mec.16080","Gastropod",40.7275,17.8,"30","NA","TOG","Torre Guaceto (Apulia, Italy)","NA","NA"
"mec.16080","Gastropod",43.7752777777778,15.6166666666667,"31","NA","KOR","Kornati National Park (Croatia)","NA","NA"
"mec.16080","Gastropod",42.4246666666667,18.6333333333333,"35","NA","BOK","Boka Kotorska (Montenegro)","NA","NA"
"mec.16080","Gastropod",40.4430555555556,19.4833333333333,"16","NA","KAP","Karaburun Peninsula (Vlorë Country, Albania)","NA","NA"
"mec.16080","Gastropod",33.7083666666667,-7.36666666666667,"26","NA","MOH","Mohasedia (Morocco)","NA","NA"
"mec.16080","Gastropod",36.3862888888889,-6.2,"30","NA","SAN","Sancti Petri (Cádiz, Spain)","NA","NA"
"mec.16080","Gastropod",36.0725416666667,-5.41666666666667,"30","NA","PUN","Punta Carnero (Gibraltar, Spain)","NA","NA"
"mec.16080","Gastropod",35.8954888888889,-5.3,"28","NA","CEU","Ceuta (Spain)","NA","NA"
"mec.16080","Gastropod",35.1518111111111,-4.35,"30","NA","IRI","Cala Iris (Morocco)","NA","NA"
"mec.16080","Gastropod",35.4357888888889,-2.95,"30","NA","FAR","Faro Tres Forcas (Morocco)","NA","NA"
"mec.16080","Gastropod",35.938,-3.03333333333333,"30","NA","ALB","Isla Alborán (Spain)","NA","NA"
"mec.16080","Gastropod",35.0889555555556,-2.51666666666667,"32","NA","SID","Sidi el Bachir (Morocco)","NA","NA"
"mec.16080","Gastropod",35.1764722222222,-2.43333333333333,"30","NA","LAR","Congreso (Islas Chafarinas, Spain)","NA","NA"
"mec.16080","Gastropod",35.1814444444444,-2.41666666666667,"30","NA","ISA","Isabel II (Islas Chafarinas, Spain)","NA","NA"
"mec.16080","Gastropod",35.1843611111111,-2.41666666666667,"30","NA","REY","Rey Francisco (Islas Chafarinas, Spain)","NA","NA"
"mec.16080","Gastropod",37.5063861111111,-1.41666666666667,"31","NA","CAL","Calnegre (Murcia, Spain)","NA","NA"
"mec.16080","Gastropod",37.6304555555556,-0.7,"30","NA","PAL","Cabo Palos (Murcia, Spain)","NA","NA"
"mec.16080","Gastropod",40.3612111111111,0.4,"15","NA","PEÑ","Peñíscola (Castellón, Spain)","NA","NA"
"mec.16080","Gastropod",39.875,0.666666666666667,"30","NA","FOR","La Foradada (Islas Columbretes, Spain)","NA","NA"
"mec.16080","Gastropod",39.1152388888889,1.51666666666667,"22","NA","POR","Portinatx (Ibiza, Spain)","NA","NA"
"mec.16080","Gastropod",38.6538166666667,1.51666666666667,"30","NA","RAM","Es Ram (Formentera, Spain)","NA","NA"
"mec.16080","Gastropod",39.6343333333333,2.41666666666667,"30","NA","ESR","Es Ratjoli (Mallorca, Spain)","NA","NA"
"mec.16080","Gastropod",39.8139833333333,NA,"20","NA","PRI","Punta Prima (Menorca, Spain)","NA","NA"
"mec.16080","Gastropod",37.3301305555556,NA,"25","NA","BIZ","Bizerte (Tunisia)","NA","NA"
"mec.16080","Gastropod",37.0881083333333,NA,"20","NA","HAO","Cape Bon (Tunisia)","NA","NA"
"mec.15128","Gastropod",-38.349,141.384,"NA","NA","WHI","Whites Beach","NA","NA"
"mec.15128","Gastropod",-38.397,141.411,"NA","NA","BUL","Bully Cove","NA","NA"
"mec.15128","Gastropod",-38.404,141.526,"NA","NA","INM","Inside Murrels","NA","NA"
"mec.15128","Gastropod",-38.404,141.56,"NA","NA","INE","Inside Nelson","NA","NA"
"mec.15128","Gastropod",-38.404,141.667,"NA","NA","LRO","Lawrence Rocks","NA","NA"
"mec.15128","Gastropod",-38.421,141.995,"NA","NA","LJP","Lady Julia Percy Island","NA","NA"
"mec.15128","Gastropod",-38.39,142.135,"NA","NA","OSC","The Craggs","NA","NA"
"mec.15128","Gastropod",-38.397,142.459,"NA","NA","WAR","Warrnambool","NA","NA"
"mec.15128","Gastropod",-38.741,143.188,"NA","NA","CAT","Cat Reef","NA","NA"
"mec.15128","Gastropod",-38.767,143.266,"NA","NA","MLH","Moonlight Head","NA","NA"
"mec.15128","Gastropod",-38.758,143.33,"NA","NA","WCF","White Cliffs","NA","NA"
"mec.15128","Gastropod",-38.827,143.586,"NA","NA","BLK","Blanket Bay","NA","NA"
"mec.15128","Gastropod",-37.946,144.756,"NA","NA","PCO","Point Cook, Port Phillip Bay","NA","NA"
"mec.15128","Gastropod",-37.87,144.888,"NA","NA","FFM","Freds Farm, Port Phillip Bay","NA","NA"
"mec.15128","Gastropod",-38.528,145.1,"NA","NA","SRO","Seal Rocks","NA","NA"
"mec.15128","Gastropod",-38.518,145.11,"NA","NA","NOB","The Nobbies","NA","NA"
"mec.15128","Gastropod",-38.564,145.346,"NA","NA","WOO","Cape Woolami","NA","NA"
"mec.15128","Gastropod",-38.847,145.894,"NA","NA","ARK","Arch Rock","NA","NA"
"mec.15128","Gastropod",-38.889,145.906,"NA","NA","LIP","Cape Liptrap","NA","NA"
"mec.15128","Gastropod",-38.901,145.913,"NA","NA","CCC","Cape Liptrap site 2","NA","NA"
"mec.15128","Gastropod",-38.902,145.956,"NA","NA","GRB","Grinder Bay","NA","NA"
"mec.15128","Gastropod",-38.994,146.258,"NA","NA","TON","Tongue Point","NA","NA"
"mec.15128","Gastropod",-39.025,146.242,"NA","NA","NRM","Norman Point","NA","NA"
"mec.15128","Gastropod",-39.087,146.231,"NA","NA","GGI","Great Glennie Island","NA","NA"
"mec.15128","Gastropod",-39.053,146.32,"NA","NA","NMP","Norman Island","NA","NA"
"mec.15128","Gastropod",-37.809,148.596,"NA","NA","MFN","Marlo Frenches Narrows","NA","NA"
"mec.15128","Gastropod",-37.813,148.619,"NA","NA","PRC","Point Ricardo","NA","NA"
"mec.15128","Gastropod",-37.814,148.731,"NA","NA","CCO","Cape Conron","NA","NA"
"mec.15128","Gastropod",-37.809,148.749,"NA","NA","ECD","East Cape Deep","NA","NA"
"ece3.2110","Bivalve",-41.5487083333333,-72.7706527777778,"30","NA","QI","Quillaipe","NA","NA"
"ece3.2110","Bivalve",-42.0399333333333,-72.5908805555556,"25","NA","PI","Pichicolo","NA","NA"
"ece3.2110","Bivalve",-41.6833333333333,-72.6719222222222,"39","NA","LA","Caleta La Arena","NA","NA"
"ece3.2110","Bivalve",-41.5205277777778,-72.3376916666667,"33","NA","CN","Canutillar","NA","NA"
"ece3.2110","Bivalve",-43.2468944444444,-73.6952138888889,"31","NA","CB","Canal Coldita","NA","NA"
"ece3.2110","Bivalve",-50.8416194444444,-74.0114638888889,"32","NA","IP","Isla Peel","NA","NA"
"mec.16371","Crustacean",54.9849,10.6329,"NA","NA","O","Odense","NA","NA"
"mec.16371","Crustacean",57.1108,12.2392,"NA","NA","V","Varberg","NA","NA"
"mec.16371","Crustacean",58.2499,11.4464,"NA","NA","K","Kristineberg","NA","NA"
"mec.16371","Crustacean",56.7062,8.2209,"NA","NA","T","Thyborøn","NA","NA"
"mec.16371","Crustacean",56.0044,8.1296,"NA","NA","I","Hvide Sand","NA","NA"
"mec.16371","Crustacean",55.4896,8.4107,"NA","NA","E","Esbjerg","NA","NA"
"mec.16371","Crustacean",55.0404,8.4591,"NA","NA","S","Sylt","NA","NA"
"mec.16371","Crustacean",53.6436,8.0839,"NA","NA","H","Hooksiel","NA","NA"
"mec.16371","Crustacean",52.9968,4.7766,"NA","NA","X","Texel","NA","NA"
"mec.16371","Crustacean",51.488,4.0578,"NA","NA","Y","Yerseke","NA","NA"
"mec.16371","Crustacean",51.0464,2.3744,"NA","NA","D","Dunkirk","NA","NA"
"mec.16371","Crustacean",53.2265,-4.1589,"NA","NA","B","Bangor","NA","NA"
"035.036.0128","Crustacean",41.98,-70.52,NA,"NA","AGA","Agawam River, USA","NA","NA"
"035.036.0128","Crustacean",29.96,-85.82,NA,"NA","PAN","Panama City Beach, Florida","NA","NA"
"035.036.0128","Crustacean",-30.29,-51.21,NA,"NA","POR","Proto Alegre, Brazil","NA","NA"
"evv093","Fish",55.6,5.85,"42","North Sea","NS","North Sea","NA","NA"
"evv093","Fish",56.9,12.15,"48","Kattegat","KT","Kattegat","NA","NA"
"evv093","Fish",55.95,12.7,"48","Oresund","OR","Oresund","NA","NA"
"evv093","Fish",55.5,16,"8","Baltic","BO5","Bornholm 05","NA","NA"
"evv093","Fish",55.59,16.3,"8","Baltic","BO4","Bornholm 04","NA","NA"
"evv093","Fish",57.15,18.78,"20","Baltic","GO","Gotland","NA","NA"
"evv093","Fish",57.4,17,"20","Baltic","OL","Oland","NA","NA"
"j.margen.2014.05.010","Fish",54.518,10.411,"NA","Kiel","kiel","Kiel","NA","NA"
"j.margen.2014.05.010","Fish",55.075,16.981,"NA","Baltic","G2","Baltic G2","NA","NA"
"j.margen.2014.05.010","Fish",54.48,19.279,"NA","Baltic","G1","Baltic G1","NA","NA"
"mec.12753","Fish",65.15,-22.55,"34","1","ICE","Vogslækur","NA","NA"
"mec.12753","Fish",57.35,12.45,"30","1","RHG","Ringhals","NA","NA"
"mec.12753","Fish",54.7666666666667,-8.28333333333333,"33","1","LG","Lough Erne","NA","NA"
"mec.12753","Fish",54.5,-9.96666666666667,"29","1","BG","Burrishoole","NA","NA"
"mec.12753","Fish",45.4333333333333,-0.7,"37","1","GG","Gironde","NA","NA"
"mec.12753","Fish",43.1666666666667,3.25,"31","1","CAG","Canet","NA","NA"
"mec.12753","Fish",39.7666666666667,-0.4,"32","1","VG","Valencia","NA","NA"
"mec.12753","Fish",34.4333333333333,-7.16666666666667,"33","1","MOR","Oved Sebou","NA","NA"
"eva.12601","Crustacean",46.9,-61.853,"22",NA,"BDB","BDB","NA","NA"
"eva.12601","Crustacean",46.102,-62,"22",NA,"BRN","BRN","NA","NA"
"eva.12601","Crustacean",44.889,-66.6,"22",NA,"CBI","CBI","NA","NA"
"eva.12601","Crustacean",44.449,-62.9,"22",NA,"CLH","CLH","NA","NA"
"eva.12601","Crustacean",43.706,-65,"22",NA,"KJI","KJI","NA","NA"
"eva.12601","Crustacean",46.113,-61.678,"22",NA,"MBO","MBO","NA","NA"
"eva.12601","Crustacean",42.959,-70.2,"22",NA,"NWH","NWH","NA","NA"
"eva.12601","Crustacean",46.9,-54.5,"22",NA,"PLB","PLB","NA","NA"
"eva.12601","Crustacean",48.492,-59.1,"22",NA,"SGB","SGB","NA","NA"
"eva.12601","Crustacean",46.409,-60,"22",NA,"SYH","SYH","NA","NA"
"eva.12601","Crustacean",39.006,-74.6,"22",NA,"TKT","TKT","NA","NA"
